{"v":"5.5.9","fr":29.9700012207031,"ip":0,"op":141.000005743048,"w":300,"h":300,"nm":"JSONSelector","ddd":0,"assets":[{"id":"comp_0","layers":[{"ddd":0,"ind":1,"ty":4,"nm":"phone Outlines","sr":1,"ks":{"o":{"a":0,"k":100,"ix":11},"r":{"a":1,"k":[{"i":{"x":[0.16],"y":[1]},"o":{"x":[0.167],"y":[0.167]},"t":16,"s":[19]},{"t":36.0000014663101,"s":[0]}],"ix":10},"p":{"a":1,"k":[{"i":{"x":0.16,"y":1},"o":{"x":0.167,"y":0.167},"t":16,"s":[320.999,411.563,0],"to":[0,0,0],"ti":[0,0,0]},{"i":{"x":0,"y":0},"o":{"x":0.167,"y":0.167},"t":36,"s":[149.999,306.563,0],"to":[0,0,0],"ti":[0,0,0]},{"i":{"x":0.833,"y":0.833},"o":{"x":1,"y":0},"t":120,"s":[149.999,306.563,0],"to":[0,0,0],"ti":[0,0,0]},{"t":134.000005457932,"s":[149.999,594.563,0]}],"ix":2},"a":{"a":0,"k":[110.395,294.466,0],"ix":1},"s":{"a":0,"k":[100,100,100],"ix":6}},"ao":0,"shapes":[{"ty":"gr","it":[{"ind":0,"ty":"sh","ix":1,"ks":{"a":0,"k":{"i":[[39.769,-7.852],[-43.821,-7.852],[-36.487,-4.568],[-36.487,0],[-32.971000000000004,7.852],[28.634,7.852],[36.486,4.336],[36.486,-0.518]],"o":[[43.82,-7.852],[-39.771,-7.852],[-36.487,-0.518],[-36.487,4.336],[-28.635,7.852],[32.97,7.852],[36.486,0],[36.486,-4.568]],"v":[[43.82,-7.852],[-43.821,-7.852],[-36.487,-0.518],[-36.487,0],[-28.635,7.852],[28.634,7.852],[36.486,0],[36.486,-0.518]],"c":true},"ix":2},"nm":"Path 1","mn":"ADBE Vector Shape - Group","hd":false,"_render":true},{"ty":"fl","c":{"a":0,"k":[0.3,0.3,0.3,1],"ix":4},"o":{"a":0,"k":100,"ix":5},"r":1,"bm":0,"nm":"Fill 1","mn":"ADBE Vector Graphic - Fill","hd":false,"_render":true},{"ty":"tr","p":{"a":0,"k":[110.396,37.52],"ix":2},"a":{"a":0,"k":[0,0],"ix":1},"s":{"a":0,"k":[100,100],"ix":3},"r":{"a":0,"k":0,"ix":6},"o":{"a":0,"k":100,"ix":7},"sk":{"a":0,"k":0,"ix":4},"sa":{"a":0,"k":0,"ix":5},"nm":"Transform","_render":true}],"nm":"Group 1","np":2,"cix":2,"bm":0,"ix":1,"mn":"ADBE Vector Group","hd":false,"_render":true},{"ty":"gr","it":[{"ind":0,"ty":"sh","ix":1,"ks":{"a":0,"k":{"i":[[73.83800000000001,-134.733],[-59.579,-134.733],[-85.395,-123.17500000000001],[-85.395,108.918],[-73.837,134.733],[59.581,134.733],[85.395,123.176],[85.395,-108.918]],"o":[[59.581,-134.733],[-73.837,-134.733],[-85.395,-108.918],[-85.395,123.176],[-59.579,134.733],[73.83800000000001,134.733],[85.395,108.918],[85.395,-123.17500000000001]],"v":[[59.581,-134.733],[-59.579,-134.733],[-85.395,-108.918],[-85.395,108.918],[-59.579,134.733],[59.581,134.733],[85.395,108.918],[85.395,-108.918]],"c":true},"ix":2},"nm":"Path 1","mn":"ADBE Vector Shape - Group","hd":false,"_render":true},{"ty":"st","c":{"a":0,"k":[0.3,0.3,0.3,1],"ix":3},"o":{"a":0,"k":100,"ix":4},"w":{"a":0,"k":10,"ix":5},"lc":1,"lj":1,"ml":10,"bm":0,"nm":"Stroke 1","mn":"ADBE Vector Graphic - Stroke","hd":false,"_render":true},{"ty":"tr","p":{"a":0,"k":[110.395,159.733],"ix":2},"a":{"a":0,"k":[0,0],"ix":1},"s":{"a":0,"k":[100,100],"ix":3},"r":{"a":0,"k":0,"ix":6},"o":{"a":0,"k":100,"ix":7},"sk":{"a":0,"k":0,"ix":4},"sa":{"a":0,"k":0,"ix":5},"nm":"Transform","_render":true}],"nm":"Group 2","np":2,"cix":2,"bm":0,"ix":2,"mn":"ADBE Vector Group","hd":false,"_render":true}],"ip":0,"op":181.000007372281,"st":0,"bm":0,"completed":true},{"ddd":0,"ind":2,"ty":4,"nm":"screen mask 2","parent":1,"td":1,"sr":1,"ks":{"o":{"a":0,"k":100,"ix":11},"r":{"a":0,"k":0,"ix":10},"p":{"a":0,"k":[110.396,166.403,0],"ix":2},"a":{"a":0,"k":[129,166.5,0],"ix":1},"s":{"a":0,"k":[100,100,100],"ix":6}},"ao":0,"shapes":[{"ty":"gr","it":[{"ind":0,"ty":"sh","ix":1,"ks":{"a":0,"k":{"i":[[73.838,-131.451],[-59.58,-131.451],[-85.395,-119.893],[-85.395,125.45],[-73.837,151.265],[59.58,151.265],[85.395,139.708],[85.395,-105.636]],"o":[[59.58,-131.451],[-73.837,-131.451],[-85.395,-105.636],[-85.395,139.708],[-59.58,151.265],[73.838,151.265],[85.395,125.45],[85.395,-119.893]],"v":[[59.58,-131.451],[-59.58,-131.451],[-85.395,-105.636],[-85.395,125.45],[-59.58,151.265],[59.58,151.265],[85.395,125.45],[85.395,-105.636]],"c":true},"ix":2},"nm":"Path 1","mn":"ADBE Vector Shape - Group","hd":false},{"ty":"mm","mm":4,"nm":"Merge Paths 1","mn":"ADBE Vector Filter - Merge","hd":false},{"ty":"fl","c":{"a":0,"k":[1,1,1,1],"ix":4},"o":{"a":0,"k":100,"ix":5},"r":1,"bm":0,"nm":"Fill 1","mn":"ADBE Vector Graphic - Fill","hd":false},{"ty":"tr","p":{"a":0,"k":[129,156.549],"ix":2},"a":{"a":0,"k":[0,0],"ix":1},"s":{"a":0,"k":[100,100],"ix":3},"r":{"a":0,"k":0,"ix":6},"o":{"a":0,"k":100,"ix":7},"sk":{"a":0,"k":0,"ix":4},"sa":{"a":0,"k":0,"ix":5},"nm":"Transform"}],"nm":"Group 11","np":3,"cix":2,"bm":0,"ix":1,"mn":"ADBE Vector Group","hd":false}],"ip":61.0000024845809,"op":185.000007535204,"st":62.0000025253118,"bm":0,"completed":true},{"ddd":0,"ind":3,"ty":4,"nm":"red screen items","parent":1,"tt":1,"sr":1,"ks":{"o":{"a":0,"k":100,"ix":11},"r":{"a":0,"k":0,"ix":10},"p":{"a":0,"k":[110.396,166.403,0],"ix":2},"a":{"a":0,"k":[129,166.5,0],"ix":1},"s":{"a":0,"k":[100,100,100],"ix":6}},"ao":0,"shapes":[{"ty":"gr","it":[{"ind":0,"ty":"sh","ix":1,"ks":{"a":0,"k":{"i":[[-3.863,0.896],[-1.495,3.264],[3.676,-1.907]],"o":[[-3.863,0.896],[-1.495,3.264],[3.676,-1.907]],"v":[[-3.863,0.896],[-1.495,3.264],[3.676,-1.907]],"c":false},"ix":2},"nm":"Path 1","mn":"ADBE Vector Shape - Group","hd":false},{"ty":"st","c":{"a":0,"k":[1,1,1,1],"ix":3},"o":{"a":0,"k":100,"ix":4},"w":{"a":0,"k":2,"ix":5},"lc":1,"lj":1,"ml":10,"bm":0,"nm":"Stroke 1","mn":"ADBE Vector Graphic - Stroke","hd":false},{"ty":"tr","p":{"a":1,"k":[{"i":{"x":0,"y":1},"o":{"x":0.167,"y":0.167},"t":61,"s":[172.129,157.779],"to":[0,3.333],"ti":[0,-3.333]},{"t":76.0000030955435,"s":[172.129,177.779]}],"ix":2},"a":{"a":0,"k":[0,0],"ix":1},"s":{"a":0,"k":[100,100],"ix":3},"r":{"a":0,"k":0,"ix":6},"o":{"a":0,"k":100,"ix":7},"sk":{"a":0,"k":0,"ix":4},"sa":{"a":0,"k":0,"ix":5},"nm":"Transform"}],"nm":"button tick","np":2,"cix":2,"bm":0,"ix":1,"mn":"ADBE Vector Group","hd":false},{"ty":"gr","it":[{"ind":0,"ty":"sh","ix":1,"ks":{"a":0,"k":{"i":[[75.201,-18.952],[-64.735,-18.952],[-83.686,-10.466999999999999],[-83.686,18.952],[83.686,18.952],[83.686,-0.001]],"o":[[64.734,-18.952],[-75.202,-18.952],[-83.686,-0.001],[-83.686,18.952],[83.686,18.952],[83.686,-10.466999999999999]],"v":[[64.734,-18.952],[-64.735,-18.952],[-83.686,-0.001],[-83.686,18.952],[83.686,18.952],[83.686,-0.001]],"c":true},"ix":2},"nm":"Path 1","mn":"ADBE Vector Shape - Group","hd":false},{"ty":"fl","c":{"a":0,"k":[0.851,0.149,0,1],"ix":4},"o":{"a":0,"k":100,"ix":5},"r":1,"bm":0,"nm":"Fill 1","mn":"ADBE Vector Graphic - Fill","hd":false},{"ty":"tr","p":{"a":1,"k":[{"i":{"x":0,"y":1},"o":{"x":0.167,"y":0.167},"t":65,"s":[127.291,9.049],"to":[0,5.833],"ti":[0,-5.833]},{"t":80.0000032584668,"s":[127.291,44.049]}],"ix":2},"a":{"a":0,"k":[0,0],"ix":1},"s":{"a":0,"k":[100,100],"ix":3},"r":{"a":0,"k":0,"ix":6},"o":{"a":0,"k":100,"ix":7},"sk":{"a":0,"k":0,"ix":4},"sa":{"a":0,"k":0,"ix":5},"nm":"Transform"}],"nm":"top bar","np":2,"cix":2,"bm":0,"ix":2,"mn":"ADBE Vector Group","hd":false},{"ty":"gr","it":[{"ind":0,"ty":"sh","ix":1,"ks":{"a":0,"k":{"i":[[14.684,6.205],[-14.684,6.205],[-14.684,-6.205],[14.684,-6.205]],"o":[[14.684,6.205],[-14.684,6.205],[-14.684,-6.205],[14.684,-6.205]],"v":[[14.684,6.205],[-14.684,6.205],[-14.684,-6.205],[14.684,-6.205]],"c":true},"ix":2},"nm":"Path 1","mn":"ADBE Vector Shape - Group","hd":false},{"ty":"fl","c":{"a":0,"k":[0.8064,0.2733,0.1536,1],"ix":4},"o":{"a":0,"k":100,"ix":5},"r":1,"bm":0,"nm":"Fill 1","mn":"ADBE Vector Graphic - Fill","hd":false},{"ty":"tr","p":{"a":1,"k":[{"i":{"x":0,"y":1},"o":{"x":0.167,"y":0.167},"t":61,"s":[171.13,158.996],"to":[0,3.333],"ti":[0,-3.333]},{"t":76.0000030955435,"s":[171.13,178.996]}],"ix":2},"a":{"a":0,"k":[0,0],"ix":1},"s":{"a":0,"k":[100,100],"ix":3},"r":{"a":0,"k":0,"ix":6},"o":{"a":0,"k":100,"ix":7},"sk":{"a":0,"k":0,"ix":4},"sa":{"a":0,"k":0,"ix":5},"nm":"Transform"}],"nm":"button red","np":2,"cix":2,"bm":0,"ix":3,"mn":"ADBE Vector Group","hd":false},{"ty":"gr","it":[{"ind":0,"ty":"sh","ix":1,"ks":{"a":0,"k":{"i":[[56.628,8.372],[-56.628,8.372],[-56.628,-8.372],[56.628,-8.372]],"o":[[56.628,8.372],[-56.628,8.372],[-56.628,-8.372],[56.628,-8.372]],"v":[[56.628,8.372],[-56.628,8.372],[-56.628,-8.372],[56.628,-8.372]],"c":true},"ix":2},"nm":"Path 1","mn":"ADBE Vector Shape - Group","hd":false},{"ty":"fl","c":{"a":0,"k":[0.8064,0.2733,0.1536,1],"ix":4},"o":{"a":0,"k":100,"ix":5},"r":1,"bm":0,"nm":"Fill 1","mn":"ADBE Vector Graphic - Fill","hd":false},{"ty":"tr","p":{"a":1,"k":[{"i":{"x":0,"y":1},"o":{"x":0.167,"y":0.167},"t":65,"s":[129.186,346.658],"to":[0,-15],"ti":[0,15]},{"t":80.0000032584668,"s":[129.186,256.658]}],"ix":2},"a":{"a":0,"k":[0,0],"ix":1},"s":{"a":0,"k":[100,100],"ix":3},"r":{"a":0,"k":0,"ix":6},"o":{"a":0,"k":100,"ix":7},"sk":{"a":0,"k":0,"ix":4},"sa":{"a":0,"k":0,"ix":5},"nm":"Transform"}],"nm":"buy button","np":2,"cix":2,"bm":0,"ix":4,"mn":"ADBE Vector Group","hd":false}],"ip":61.0000024845809,"op":961.000039142332,"st":61.0000024845809,"bm":0,"completed":true},{"ddd":0,"ind":4,"ty":4,"nm":"screen mask","parent":1,"td":1,"sr":1,"ks":{"o":{"a":0,"k":100,"ix":11},"r":{"a":0,"k":0,"ix":10},"p":{"a":0,"k":[110.396,166.403,0],"ix":2},"a":{"a":0,"k":[129,166.5,0],"ix":1},"s":{"a":0,"k":[100,100,100],"ix":6}},"ao":0,"shapes":[{"ty":"gr","it":[{"ind":0,"ty":"sh","ix":1,"ks":{"a":0,"k":{"i":[[73.838,-131.451],[-59.58,-131.451],[-85.395,-119.893],[-85.395,125.45],[-73.837,151.265],[59.58,151.265],[85.395,139.708],[85.395,-105.636]],"o":[[59.58,-131.451],[-73.837,-131.451],[-85.395,-105.636],[-85.395,139.708],[-59.58,151.265],[73.838,151.265],[85.395,125.45],[85.395,-119.893]],"v":[[59.58,-131.451],[-59.58,-131.451],[-85.395,-105.636],[-85.395,125.45],[-59.58,151.265],[59.58,151.265],[85.395,125.45],[85.395,-105.636]],"c":true},"ix":2},"nm":"Path 1","mn":"ADBE Vector Shape - Group","hd":false},{"ty":"mm","mm":4,"nm":"Merge Paths 1","mn":"ADBE Vector Filter - Merge","hd":false},{"ty":"fl","c":{"a":0,"k":[1,1,1,1],"ix":4},"o":{"a":0,"k":100,"ix":5},"r":1,"bm":0,"nm":"Fill 1","mn":"ADBE Vector Graphic - Fill","hd":false},{"ty":"tr","p":{"a":0,"k":[129,156.549],"ix":2},"a":{"a":0,"k":[0,0],"ix":1},"s":{"a":0,"k":[100,100],"ix":3},"r":{"a":0,"k":0,"ix":6},"o":{"a":0,"k":100,"ix":7},"sk":{"a":0,"k":0,"ix":4},"sa":{"a":0,"k":0,"ix":5},"nm":"Transform"}],"nm":"Group 11","np":3,"cix":2,"bm":0,"ix":1,"mn":"ADBE Vector Group","hd":false}],"ip":61.0000024845809,"op":185.000007535204,"st":62.0000025253118,"bm":0,"completed":true},{"ddd":0,"ind":5,"ty":4,"nm":"pink screen items","parent":1,"tt":1,"sr":1,"ks":{"o":{"a":0,"k":100,"ix":11},"r":{"a":0,"k":0,"ix":10},"p":{"a":0,"k":[110.396,166.403,0],"ix":2},"a":{"a":0,"k":[129,166.5,0],"ix":1},"s":{"a":0,"k":[100,100,100],"ix":6}},"ao":0,"shapes":[{"ty":"gr","it":[{"ind":0,"ty":"sh","ix":1,"ks":{"a":0,"k":{"i":[[56.628,42.557],[-56.628,42.557],[-56.628,-42.557],[56.628,-42.557]],"o":[[56.628,42.557],[-56.628,42.557],[-56.628,-42.557],[56.628,-42.557]],"v":[[56.628,42.557],[-56.628,42.557],[-56.628,-42.557],[56.628,-42.557]],"c":true},"ix":2},"nm":"Path 1","mn":"ADBE Vector Shape - Group","hd":false},{"ty":"fl","c":{"a":0,"k":[0.957,0.8696,0.843,1],"ix":4},"o":{"a":0,"k":100,"ix":5},"r":1,"bm":0,"nm":"Fill 1","mn":"ADBE Vector Graphic - Fill","hd":false},{"ty":"tr","p":{"a":1,"k":[{"i":{"x":0,"y":1},"o":{"x":0.167,"y":0.167},"t":61,"s":[129.186,157.931],"to":[0,-5.672],"ti":[0,5.672]},{"t":76.0000030955435,"s":[129.186,123.899]}],"ix":2},"a":{"a":0,"k":[0,0],"ix":1},"s":{"a":1,"k":[{"i":{"x":[0,0],"y":[1,1]},"o":{"x":[0.167,0.167],"y":[0,0.167]},"t":61,"s":[100,24.043]},{"t":76.0000030955435,"s":[100,100]}],"ix":3},"r":{"a":0,"k":0,"ix":6},"o":{"a":0,"k":100,"ix":7},"sk":{"a":0,"k":0,"ix":4},"sa":{"a":0,"k":0,"ix":5},"nm":"Transform"}],"nm":"big box","np":2,"cix":2,"bm":0,"ix":1,"mn":"ADBE Vector Group","hd":false},{"ty":"gr","it":[{"ind":0,"ty":"sh","ix":1,"ks":{"a":0,"k":{"i":[[38.721,6.205],[-38.721,6.205],[-38.721,-6.205],[38.721,-6.205]],"o":[[38.721,6.205],[-38.721,6.205],[-38.721,-6.205],[38.721,-6.205]],"v":[[38.721,6.205],[-38.721,6.205],[-38.721,-6.205],[38.721,-6.205]],"c":true},"ix":2},"nm":"Path 1","mn":"ADBE Vector Shape - Group","hd":false},{"ty":"fl","c":{"a":0,"k":[0.957,0.8696,0.843,1],"ix":4},"o":{"a":0,"k":100,"ix":5},"r":1,"bm":0,"nm":"Fill 1","mn":"ADBE Vector Graphic - Fill","hd":false},{"ty":"tr","p":{"a":1,"k":[{"i":{"x":0,"y":1},"o":{"x":0.167,"y":0.167},"t":61,"s":[111.279,158.996],"to":[0,3.333],"ti":[0,-3.333]},{"t":76.0000030955435,"s":[111.279,178.996]}],"ix":2},"a":{"a":0,"k":[0,0],"ix":1},"s":{"a":0,"k":[100,100],"ix":3},"r":{"a":0,"k":0,"ix":6},"o":{"a":0,"k":100,"ix":7},"sk":{"a":0,"k":0,"ix":4},"sa":{"a":0,"k":0,"ix":5},"nm":"Transform"}],"nm":"next to button","np":2,"cix":2,"bm":0,"ix":2,"mn":"ADBE Vector Group","hd":false},{"ty":"gr","it":[{"ind":0,"ty":"sh","ix":1,"ks":{"a":0,"k":{"i":[[-3.769,0.217],[-1.401,2.585],[3.77,-2.585]],"o":[[-3.769,0.217],[-1.401,2.585],[3.77,-2.585]],"v":[[-3.769,0.217],[-1.401,2.585],[3.77,-2.585]],"c":false},"ix":2},"nm":"Path 1","mn":"ADBE Vector Shape - Group","hd":false},{"ty":"st","c":{"a":0,"k":[1,1,1,1],"ix":3},"o":{"a":0,"k":100,"ix":4},"w":{"a":0,"k":2,"ix":5},"lc":1,"lj":1,"ml":10,"bm":0,"nm":"Stroke 1","mn":"ADBE Vector Graphic - Stroke","hd":false},{"ty":"tr","p":{"a":1,"k":[{"i":{"x":0,"y":1},"o":{"x":0.167,"y":0.167},"t":61,"s":[172.129,158.779],"to":[0,3.333],"ti":[0,-3.333]},{"t":76.0000030955435,"s":[172.129,178.779]}],"ix":2},"a":{"a":0,"k":[0,0],"ix":1},"s":{"a":0,"k":[100,100],"ix":3},"r":{"a":0,"k":0,"ix":6},"o":{"a":0,"k":100,"ix":7},"sk":{"a":0,"k":0,"ix":4},"sa":{"a":0,"k":0,"ix":5},"nm":"Transform"}],"nm":"button tick","np":2,"cix":2,"bm":0,"ix":3,"mn":"ADBE Vector Group","hd":false},{"ty":"gr","it":[{"ind":0,"ty":"sh","ix":1,"ks":{"a":0,"k":{"i":[[72.558,196.1],[185.813,196.1]],"o":[[72.558,196.1],[185.813,196.1]],"v":[[72.558,196.1],[185.813,196.1]],"c":false},"ix":2},"nm":"Path 1","mn":"ADBE Vector Shape - Group","hd":false},{"ty":"st","c":{"a":0,"k":[1,0.2353,0,1],"ix":3},"o":{"a":0,"k":100,"ix":4},"w":{"a":0,"k":2,"ix":5},"lc":1,"lj":1,"ml":10,"bm":0,"nm":"Stroke 1","mn":"ADBE Vector Graphic - Stroke","hd":false},{"ty":"tr","p":{"a":0,"k":[0,0],"ix":2},"a":{"a":0,"k":[0,0],"ix":1},"s":{"a":0,"k":[100,100],"ix":3},"r":{"a":0,"k":0,"ix":6},"o":{"a":0,"k":100,"ix":7},"sk":{"a":0,"k":0,"ix":4},"sa":{"a":0,"k":0,"ix":5},"nm":"Transform"}],"nm":"line","np":2,"cix":2,"bm":0,"ix":4,"mn":"ADBE Vector Group","hd":false},{"ty":"gr","it":[{"ind":0,"ty":"sh","ix":1,"ks":{"a":0,"k":{"i":[[56.628,15.822],[-56.628,15.822],[-56.628,-15.823],[56.628,-15.823]],"o":[[56.628,15.822],[-56.628,15.822],[-56.628,-15.823],[56.628,-15.823]],"v":[[56.628,15.822],[-56.628,15.822],[-56.628,-15.823],[56.628,-15.823]],"c":true},"ix":2},"nm":"Path 1","mn":"ADBE Vector Shape - Group","hd":false},{"ty":"fl","c":{"a":0,"k":[0.957,0.8696,0.843,1],"ix":4},"o":{"a":0,"k":100,"ix":5},"r":1,"bm":0,"nm":"Fill 1","mn":"ADBE Vector Graphic - Fill","hd":false},{"ty":"tr","p":{"a":1,"k":[{"i":{"x":0,"y":1},"o":{"x":0.167,"y":0.167},"t":63,"s":[129.186,313.211],"to":[0,-15],"ti":[0,15]},{"t":78.0000031770051,"s":[129.186,223.211]}],"ix":2},"a":{"a":0,"k":[0,0],"ix":1},"s":{"a":0,"k":[100,100],"ix":3},"r":{"a":0,"k":0,"ix":6},"o":{"a":0,"k":100,"ix":7},"sk":{"a":0,"k":0,"ix":4},"sa":{"a":0,"k":0,"ix":5},"nm":"Transform"}],"nm":"second product","np":2,"cix":2,"bm":0,"ix":5,"mn":"ADBE Vector Group","hd":false}],"ip":61.0000024845809,"op":961.000039142332,"st":61.0000024845809,"bm":0,"completed":true},{"ddd":0,"ind":6,"ty":4,"nm":"screen flash 2","parent":1,"sr":1,"ks":{"o":{"a":1,"k":[{"i":{"x":[0.833],"y":[0.833]},"o":{"x":[0.167],"y":[0.167]},"t":56,"s":[0]},{"t":66.0000026882351,"s":[100]}],"ix":11},"r":{"a":0,"k":0,"ix":10},"p":{"a":0,"k":[110.396,166.403,0],"ix":2},"a":{"a":0,"k":[129,166.5,0],"ix":1},"s":{"a":0,"k":[100,100,100],"ix":6}},"ao":0,"shapes":[{"ty":"gr","it":[{"ind":0,"ty":"sh","ix":1,"ks":{"a":0,"k":{"i":[[73.838,-131.451],[-59.58,-131.451],[-85.395,-119.893],[-85.395,125.45],[-73.837,151.265],[59.58,151.265],[85.395,139.708],[85.395,-105.636]],"o":[[59.58,-131.451],[-73.837,-131.451],[-85.395,-105.636],[-85.395,139.708],[-59.58,151.265],[73.838,151.265],[85.395,125.45],[85.395,-119.893]],"v":[[59.58,-131.451],[-59.58,-131.451],[-85.395,-105.636],[-85.395,125.45],[-59.58,151.265],[59.58,151.265],[85.395,125.45],[85.395,-105.636]],"c":true},"ix":2},"nm":"Path 1","mn":"ADBE Vector Shape - Group","hd":false},{"ty":"mm","mm":4,"nm":"Merge Paths 1","mn":"ADBE Vector Filter - Merge","hd":false},{"ty":"fl","c":{"a":0,"k":[0.9634,0.9275,0.9166,1],"ix":4},"o":{"a":0,"k":100,"ix":5},"r":1,"bm":0,"nm":"Fill 1","mn":"ADBE Vector Graphic - Fill","hd":false},{"ty":"tr","p":{"a":0,"k":[129,156.549],"ix":2},"a":{"a":0,"k":[0,0],"ix":1},"s":{"a":0,"k":[100,100],"ix":3},"r":{"a":0,"k":0,"ix":6},"o":{"a":0,"k":100,"ix":7},"sk":{"a":0,"k":0,"ix":4},"sa":{"a":0,"k":0,"ix":5},"nm":"Transform"}],"nm":"Group 11","np":3,"cix":2,"bm":0,"ix":1,"mn":"ADBE Vector Group","hd":false}],"ip":56.0000022809268,"op":173.000007046434,"st":57.0000023216576,"bm":0,"completed":true},{"ddd":0,"ind":7,"ty":4,"nm":"screen flash","sr":1,"ks":{"o":{"a":1,"k":[{"i":{"x":[0.833],"y":[0.833]},"o":{"x":[0.167],"y":[0.167]},"t":39,"s":[0]},{"i":{"x":[0.833],"y":[0.833]},"o":{"x":[0.167],"y":[0.167]},"t":42,"s":[100]},{"i":{"x":[0.833],"y":[0.833]},"o":{"x":[0.167],"y":[0.167]},"t":48,"s":[100]},{"t":65.0000026475043,"s":[0]}],"ix":11},"r":{"a":0,"k":0,"ix":10},"p":{"a":1,"k":[{"i":{"x":0.2,"y":1},"o":{"x":0.167,"y":0.167},"t":42,"s":[150,178.5,0],"to":[0,-1.583,0],"ti":[0,1.583,0]},{"t":48.0000019550801,"s":[150,169,0]}],"ix":2},"a":{"a":0,"k":[129,166.5,0],"ix":1},"s":{"a":0,"k":[100,100,100],"ix":6}},"ao":0,"shapes":[{"ty":"gr","it":[{"ind":0,"ty":"sh","ix":1,"ks":{"a":1,"k":[{"i":{"x":0.833,"y":0.833},"o":{"x":0.167,"y":0.167},"t":42,"s":[{"i":[[73.838,-131.451],[-59.58,-131.451],[-85.395,-119.893],[-85.395,125.45],[-73.837,151.265],[59.58,151.265],[85.395,139.708],[85.395,-105.636]],"o":[[59.58,-131.451],[-73.837,-131.451],[-85.395,-105.636],[-85.395,139.708],[-59.58,151.265],[73.838,151.265],[85.395,125.45],[85.395,-119.893]],"v":[[59.58,-131.451],[-59.58,-131.451],[-85.395,-105.636],[-85.395,125.45],[-59.58,151.265],[59.58,151.265],[85.395,125.45],[85.395,-105.636]],"c":true}]},{"t":48.0000019550801,"s":[{"i":[[63.837999999999994,-3.451],[-49.58,-3.451],[-65.395,-1.892999999999999],[-65.815,6.45],[-64.257,22.265],[49.16,22.265],[64.975,20.708],[65.395,12.364]],"o":[[49.58,-3.451],[-63.836999999999996,-3.451],[-65.395,12.364],[-65.815,20.708],[-50,22.265],[63.41799999999999,22.265],[64.975,6.45],[65.395,-1.892999999999999]],"v":[[49.58,-3.451],[-49.58,-3.451],[-65.395,12.364],[-65.815,6.45],[-50,22.265],[49.16,22.265],[64.975,6.45],[65.395,12.364]],"c":true}]}],"ix":2},"nm":"Path 1","mn":"ADBE Vector Shape - Group","hd":false},{"ty":"mm","mm":4,"nm":"Merge Paths 1","mn":"ADBE Vector Filter - Merge","hd":false},{"ty":"fl","c":{"a":0,"k":[1,1,1,1],"ix":4},"o":{"a":0,"k":100,"ix":5},"r":1,"bm":0,"nm":"Fill 1","mn":"ADBE Vector Graphic - Fill","hd":false},{"ty":"tr","p":{"a":0,"k":[129,156.549],"ix":2},"a":{"a":0,"k":[0,0],"ix":1},"s":{"a":0,"k":[100,100],"ix":3},"r":{"a":0,"k":0,"ix":6},"o":{"a":0,"k":100,"ix":7},"sk":{"a":0,"k":0,"ix":4},"sa":{"a":0,"k":0,"ix":5},"nm":"Transform"}],"nm":"Group 11","np":3,"cix":2,"bm":0,"ix":1,"mn":"ADBE Vector Group","hd":false}],"ip":39.0000015885026,"op":65.0000026475043,"st":40.0000016292334,"bm":0,"completed":true},{"ddd":0,"ind":9,"ty":4,"nm":"Page words Outlines 2","parent":11,"sr":1,"ks":{"o":{"a":0,"k":100,"ix":11},"r":{"a":0,"k":0,"ix":10},"p":{"a":0,"k":[174.218,135.225,0],"ix":2},"a":{"a":0,"k":[56.238,76.234,0],"ix":1},"s":{"a":0,"k":[100,100,100],"ix":6}},"ao":0,"shapes":[{"ty":"gr","it":[{"ind":0,"ty":"sh","ix":1,"ks":{"a":0,"k":{"i":[[43.354,2.376],[-43.354,2.376],[-43.354,-2.376],[43.354,-2.376]],"o":[[43.354,2.376],[-43.354,2.376],[-43.354,-2.376],[43.354,-2.376]],"v":[[43.354,2.376],[-43.354,2.376],[-43.354,-2.376],[43.354,-2.376]],"c":true},"ix":2},"nm":"Path 1","mn":"ADBE Vector Shape - Group","hd":false,"_render":true},{"ty":"fl","c":{"a":0,"k":[0.957,0.8696,0.843,1],"ix":4},"o":{"a":0,"k":100,"ix":5},"r":1,"bm":0,"nm":"Fill 1","mn":"ADBE Vector Graphic - Fill","hd":false,"_render":true},{"ty":"tr","p":{"a":0,"k":[68.872,149.841],"ix":2},"a":{"a":0,"k":[0,0],"ix":1},"s":{"a":0,"k":[100,100],"ix":3},"r":{"a":0,"k":0,"ix":6},"o":{"a":0,"k":100,"ix":7},"sk":{"a":0,"k":0,"ix":4},"sa":{"a":0,"k":0,"ix":5},"nm":"Transform","_render":true}],"nm":"Group 1","np":2,"cix":2,"bm":0,"ix":1,"mn":"ADBE Vector Group","hd":false,"_render":true},{"ty":"gr","it":[{"ind":0,"ty":"sh","ix":1,"ks":{"a":0,"k":{"i":[[43.354,2.376],[-43.354,2.376],[-43.354,-2.376],[43.354,-2.376]],"o":[[43.354,2.376],[-43.354,2.376],[-43.354,-2.376],[43.354,-2.376]],"v":[[43.354,2.376],[-43.354,2.376],[-43.354,-2.376],[43.354,-2.376]],"c":true},"ix":2},"nm":"Path 1","mn":"ADBE Vector Shape - Group","hd":false,"_render":true},{"ty":"fl","c":{"a":0,"k":[0.957,0.8696,0.843,1],"ix":4},"o":{"a":0,"k":100,"ix":5},"r":1,"bm":0,"nm":"Fill 1","mn":"ADBE Vector Graphic - Fill","hd":false,"_render":true},{"ty":"tr","p":{"a":0,"k":[68.872,141.578],"ix":2},"a":{"a":0,"k":[0,0],"ix":1},"s":{"a":0,"k":[100,100],"ix":3},"r":{"a":0,"k":0,"ix":6},"o":{"a":0,"k":100,"ix":7},"sk":{"a":0,"k":0,"ix":4},"sa":{"a":0,"k":0,"ix":5},"nm":"Transform","_render":true}],"nm":"Group 2","np":2,"cix":2,"bm":0,"ix":2,"mn":"ADBE Vector Group","hd":false,"_render":true},{"ty":"gr","it":[{"ind":0,"ty":"sh","ix":1,"ks":{"a":0,"k":{"i":[[23.122,2.376],[-23.122,2.376],[-23.122,-2.376],[23.122,-2.376]],"o":[[23.122,2.376],[-23.122,2.376],[-23.122,-2.376],[23.122,-2.376]],"v":[[23.122,2.376],[-23.122,2.376],[-23.122,-2.376],[23.122,-2.376]],"c":true},"ix":2},"nm":"Path 1","mn":"ADBE Vector Shape - Group","hd":false,"_render":true},{"ty":"fl","c":{"a":0,"k":[0.957,0.8696,0.843,1],"ix":4},"o":{"a":0,"k":100,"ix":5},"r":1,"bm":0,"nm":"Fill 1","mn":"ADBE Vector Graphic - Fill","hd":false,"_render":true},{"ty":"tr","p":{"a":0,"k":[48.64,133.314],"ix":2},"a":{"a":0,"k":[0,0],"ix":1},"s":{"a":0,"k":[100,100],"ix":3},"r":{"a":0,"k":0,"ix":6},"o":{"a":0,"k":100,"ix":7},"sk":{"a":0,"k":0,"ix":4},"sa":{"a":0,"k":0,"ix":5},"nm":"Transform","_render":true}],"nm":"Group 3","np":2,"cix":2,"bm":0,"ix":3,"mn":"ADBE Vector Group","hd":false,"_render":true},{"ty":"gr","it":[{"ind":0,"ty":"sh","ix":1,"ks":{"a":0,"k":{"i":[[10.639,10.639],[-10.639,10.639],[-10.639,-10.639],[10.639,-10.639]],"o":[[10.639,10.639],[-10.639,10.639],[-10.639,-10.639],[10.639,-10.639]],"v":[[10.639,10.639],[-10.639,10.639],[-10.639,-10.639],[10.639,-10.639]],"c":true},"ix":2},"nm":"Path 1","mn":"ADBE Vector Shape - Group","hd":false,"_render":true},{"ty":"fl","c":{"a":0,"k":[0.957,0.8696,0.843,1],"ix":4},"o":{"a":0,"k":100,"ix":5},"r":1,"bm":0,"nm":"Fill 1","mn":"ADBE Vector Graphic - Fill","hd":false,"_render":true},{"ty":"tr","p":{"a":0,"k":[10.889,141.578],"ix":2},"a":{"a":0,"k":[0,0],"ix":1},"s":{"a":0,"k":[100,100],"ix":3},"r":{"a":0,"k":0,"ix":6},"o":{"a":0,"k":100,"ix":7},"sk":{"a":0,"k":0,"ix":4},"sa":{"a":0,"k":0,"ix":5},"nm":"Transform","_render":true}],"nm":"Group 4","np":2,"cix":2,"bm":0,"ix":4,"mn":"ADBE Vector Group","hd":false,"_render":true},{"ty":"gr","it":[{"ind":0,"ty":"sh","ix":1,"ks":{"a":0,"k":{"i":[[43.354,2.376],[-43.354,2.376],[-43.354,-2.376],[43.354,-2.376]],"o":[[43.354,2.376],[-43.354,2.376],[-43.354,-2.376],[43.354,-2.376]],"v":[[43.354,2.376],[-43.354,2.376],[-43.354,-2.376],[43.354,-2.376]],"c":true},"ix":2},"nm":"Path 1","mn":"ADBE Vector Shape - Group","hd":false,"_render":true},{"ty":"fl","c":{"a":0,"k":[0.957,0.8696,0.843,1],"ix":4},"o":{"a":0,"k":100,"ix":5},"r":1,"bm":0,"nm":"Fill 1","mn":"ADBE Vector Graphic - Fill","hd":false,"_render":true},{"ty":"tr","p":{"a":0,"k":[68.872,117.169],"ix":2},"a":{"a":0,"k":[0,0],"ix":1},"s":{"a":0,"k":[100,100],"ix":3},"r":{"a":0,"k":0,"ix":6},"o":{"a":0,"k":100,"ix":7},"sk":{"a":0,"k":0,"ix":4},"sa":{"a":0,"k":0,"ix":5},"nm":"Transform","_render":true}],"nm":"Group 5","np":2,"cix":2,"bm":0,"ix":5,"mn":"ADBE Vector Group","hd":false,"_render":true},{"ty":"gr","it":[{"ind":0,"ty":"sh","ix":1,"ks":{"a":0,"k":{"i":[[43.354,2.376],[-43.354,2.376],[-43.354,-2.376],[43.354,-2.376]],"o":[[43.354,2.376],[-43.354,2.376],[-43.354,-2.376],[43.354,-2.376]],"v":[[43.354,2.376],[-43.354,2.376],[-43.354,-2.376],[43.354,-2.376]],"c":true},"ix":2},"nm":"Path 1","mn":"ADBE Vector Shape - Group","hd":false,"_render":true},{"ty":"fl","c":{"a":0,"k":[0.957,0.8696,0.843,1],"ix":4},"o":{"a":0,"k":100,"ix":5},"r":1,"bm":0,"nm":"Fill 1","mn":"ADBE Vector Graphic - Fill","hd":false,"_render":true},{"ty":"tr","p":{"a":0,"k":[68.872,108.905],"ix":2},"a":{"a":0,"k":[0,0],"ix":1},"s":{"a":0,"k":[100,100],"ix":3},"r":{"a":0,"k":0,"ix":6},"o":{"a":0,"k":100,"ix":7},"sk":{"a":0,"k":0,"ix":4},"sa":{"a":0,"k":0,"ix":5},"nm":"Transform","_render":true}],"nm":"Group 6","np":2,"cix":2,"bm":0,"ix":6,"mn":"ADBE Vector Group","hd":false,"_render":true},{"ty":"gr","it":[{"ind":0,"ty":"sh","ix":1,"ks":{"a":0,"k":{"i":[[23.122,2.376],[-23.122,2.376],[-23.122,-2.376],[23.122,-2.376]],"o":[[23.122,2.376],[-23.122,2.376],[-23.122,-2.376],[23.122,-2.376]],"v":[[23.122,2.376],[-23.122,2.376],[-23.122,-2.376],[23.122,-2.376]],"c":true},"ix":2},"nm":"Path 1","mn":"ADBE Vector Shape - Group","hd":false,"_render":true},{"ty":"fl","c":{"a":0,"k":[0.957,0.8696,0.843,1],"ix":4},"o":{"a":0,"k":100,"ix":5},"r":1,"bm":0,"nm":"Fill 1","mn":"ADBE Vector Graphic - Fill","hd":false,"_render":true},{"ty":"tr","p":{"a":0,"k":[48.64,100.642],"ix":2},"a":{"a":0,"k":[0,0],"ix":1},"s":{"a":0,"k":[100,100],"ix":3},"r":{"a":0,"k":0,"ix":6},"o":{"a":0,"k":100,"ix":7},"sk":{"a":0,"k":0,"ix":4},"sa":{"a":0,"k":0,"ix":5},"nm":"Transform","_render":true}],"nm":"Group 7","np":2,"cix":2,"bm":0,"ix":7,"mn":"ADBE Vector Group","hd":false,"_render":true},{"ty":"gr","it":[{"ind":0,"ty":"sh","ix":1,"ks":{"a":0,"k":{"i":[[10.639,10.64],[-10.639,10.64],[-10.639,-10.64],[10.639,-10.64]],"o":[[10.639,10.64],[-10.639,10.64],[-10.639,-10.64],[10.639,-10.64]],"v":[[10.639,10.64],[-10.639,10.64],[-10.639,-10.64],[10.639,-10.64]],"c":true},"ix":2},"nm":"Path 1","mn":"ADBE Vector Shape - Group","hd":false,"_render":true},{"ty":"fl","c":{"a":0,"k":[0.957,0.8696,0.843,1],"ix":4},"o":{"a":0,"k":100,"ix":5},"r":1,"bm":0,"nm":"Fill 1","mn":"ADBE Vector Graphic - Fill","hd":false,"_render":true},{"ty":"tr","p":{"a":0,"k":[10.889,108.906],"ix":2},"a":{"a":0,"k":[0,0],"ix":1},"s":{"a":0,"k":[100,100],"ix":3},"r":{"a":0,"k":0,"ix":6},"o":{"a":0,"k":100,"ix":7},"sk":{"a":0,"k":0,"ix":4},"sa":{"a":0,"k":0,"ix":5},"nm":"Transform","_render":true}],"nm":"Group 8","np":2,"cix":2,"bm":0,"ix":8,"mn":"ADBE Vector Group","hd":false,"_render":true},{"ty":"gr","it":[{"ind":0,"ty":"sh","ix":1,"ks":{"a":0,"k":{"i":[[43.354,2.376],[-43.354,2.376],[-43.354,-2.376],[43.354,-2.376]],"o":[[43.354,2.376],[-43.354,2.376],[-43.354,-2.376],[43.354,-2.376]],"v":[[43.354,2.376],[-43.354,2.376],[-43.354,-2.376],[43.354,-2.376]],"c":true},"ix":2},"nm":"Path 1","mn":"ADBE Vector Shape - Group","hd":false,"_render":true},{"ty":"fl","c":{"a":0,"k":[0.957,0.8696,0.843,1],"ix":4},"o":{"a":0,"k":100,"ix":5},"r":1,"bm":0,"nm":"Fill 1","mn":"ADBE Vector Graphic - Fill","hd":false,"_render":true},{"ty":"tr","p":{"a":0,"k":[68.872,84.497],"ix":2},"a":{"a":0,"k":[0,0],"ix":1},"s":{"a":0,"k":[100,100],"ix":3},"r":{"a":0,"k":0,"ix":6},"o":{"a":0,"k":100,"ix":7},"sk":{"a":0,"k":0,"ix":4},"sa":{"a":0,"k":0,"ix":5},"nm":"Transform","_render":true}],"nm":"Group 9","np":2,"cix":2,"bm":0,"ix":9,"mn":"ADBE Vector Group","hd":false,"_render":true},{"ty":"gr","it":[{"ind":0,"ty":"sh","ix":1,"ks":{"a":0,"k":{"i":[[43.354,2.376],[-43.354,2.376],[-43.354,-2.376],[43.354,-2.376]],"o":[[43.354,2.376],[-43.354,2.376],[-43.354,-2.376],[43.354,-2.376]],"v":[[43.354,2.376],[-43.354,2.376],[-43.354,-2.376],[43.354,-2.376]],"c":true},"ix":2},"nm":"Path 1","mn":"ADBE Vector Shape - Group","hd":false,"_render":true},{"ty":"fl","c":{"a":0,"k":[0.957,0.8696,0.843,1],"ix":4},"o":{"a":0,"k":100,"ix":5},"r":1,"bm":0,"nm":"Fill 1","mn":"ADBE Vector Graphic - Fill","hd":false,"_render":true},{"ty":"tr","p":{"a":0,"k":[68.872,76.233],"ix":2},"a":{"a":0,"k":[0,0],"ix":1},"s":{"a":0,"k":[100,100],"ix":3},"r":{"a":0,"k":0,"ix":6},"o":{"a":0,"k":100,"ix":7},"sk":{"a":0,"k":0,"ix":4},"sa":{"a":0,"k":0,"ix":5},"nm":"Transform","_render":true}],"nm":"Group 10","np":2,"cix":2,"bm":0,"ix":10,"mn":"ADBE Vector Group","hd":false,"_render":true},{"ty":"gr","it":[{"ind":0,"ty":"sh","ix":1,"ks":{"a":0,"k":{"i":[[23.122,2.376],[-23.122,2.376],[-23.122,-2.376],[23.122,-2.376]],"o":[[23.122,2.376],[-23.122,2.376],[-23.122,-2.376],[23.122,-2.376]],"v":[[23.122,2.376],[-23.122,2.376],[-23.122,-2.376],[23.122,-2.376]],"c":true},"ix":2},"nm":"Path 1","mn":"ADBE Vector Shape - Group","hd":false,"_render":true},{"ty":"fl","c":{"a":0,"k":[0.957,0.8696,0.843,1],"ix":4},"o":{"a":0,"k":100,"ix":5},"r":1,"bm":0,"nm":"Fill 1","mn":"ADBE Vector Graphic - Fill","hd":false,"_render":true},{"ty":"tr","p":{"a":0,"k":[48.64,67.97],"ix":2},"a":{"a":0,"k":[0,0],"ix":1},"s":{"a":0,"k":[100,100],"ix":3},"r":{"a":0,"k":0,"ix":6},"o":{"a":0,"k":100,"ix":7},"sk":{"a":0,"k":0,"ix":4},"sa":{"a":0,"k":0,"ix":5},"nm":"Transform","_render":true}],"nm":"Group 11","np":2,"cix":2,"bm":0,"ix":11,"mn":"ADBE Vector Group","hd":false,"_render":true},{"ty":"gr","it":[{"ind":0,"ty":"sh","ix":1,"ks":{"a":0,"k":{"i":[[10.639,10.64],[-10.639,10.64],[-10.639,-10.639],[10.639,-10.639]],"o":[[10.639,10.64],[-10.639,10.64],[-10.639,-10.639],[10.639,-10.639]],"v":[[10.639,10.64],[-10.639,10.64],[-10.639,-10.639],[10.639,-10.639]],"c":true},"ix":2},"nm":"Path 1","mn":"ADBE Vector Shape - Group","hd":false,"_render":true},{"ty":"fl","c":{"a":0,"k":[0.957,0.8696,0.843,1],"ix":4},"o":{"a":0,"k":100,"ix":5},"r":1,"bm":0,"nm":"Fill 1","mn":"ADBE Vector Graphic - Fill","hd":false,"_render":true},{"ty":"tr","p":{"a":0,"k":[10.889,76.234],"ix":2},"a":{"a":0,"k":[0,0],"ix":1},"s":{"a":0,"k":[100,100],"ix":3},"r":{"a":0,"k":0,"ix":6},"o":{"a":0,"k":100,"ix":7},"sk":{"a":0,"k":0,"ix":4},"sa":{"a":0,"k":0,"ix":5},"nm":"Transform","_render":true}],"nm":"Group 12","np":2,"cix":2,"bm":0,"ix":12,"mn":"ADBE Vector Group","hd":false,"_render":true},{"ty":"gr","it":[{"ind":0,"ty":"sh","ix":1,"ks":{"a":0,"k":{"i":[[43.354,2.376],[-43.354,2.376],[-43.354,-2.376],[43.354,-2.376]],"o":[[43.354,2.376],[-43.354,2.376],[-43.354,-2.376],[43.354,-2.376]],"v":[[43.354,2.376],[-43.354,2.376],[-43.354,-2.376],[43.354,-2.376]],"c":true},"ix":2},"nm":"Path 1","mn":"ADBE Vector Shape - Group","hd":false,"_render":true},{"ty":"fl","c":{"a":0,"k":[0.957,0.8696,0.843,1],"ix":4},"o":{"a":0,"k":100,"ix":5},"r":1,"bm":0,"nm":"Fill 1","mn":"ADBE Vector Graphic - Fill","hd":false,"_render":true},{"ty":"tr","p":{"a":0,"k":[68.872,51.825],"ix":2},"a":{"a":0,"k":[0,0],"ix":1},"s":{"a":0,"k":[100,100],"ix":3},"r":{"a":0,"k":0,"ix":6},"o":{"a":0,"k":100,"ix":7},"sk":{"a":0,"k":0,"ix":4},"sa":{"a":0,"k":0,"ix":5},"nm":"Transform","_render":true}],"nm":"Group 13","np":2,"cix":2,"bm":0,"ix":13,"mn":"ADBE Vector Group","hd":false,"_render":true},{"ty":"gr","it":[{"ind":0,"ty":"sh","ix":1,"ks":{"a":0,"k":{"i":[[43.354,2.376],[-43.354,2.376],[-43.354,-2.376],[43.354,-2.376]],"o":[[43.354,2.376],[-43.354,2.376],[-43.354,-2.376],[43.354,-2.376]],"v":[[43.354,2.376],[-43.354,2.376],[-43.354,-2.376],[43.354,-2.376]],"c":true},"ix":2},"nm":"Path 1","mn":"ADBE Vector Shape - Group","hd":false,"_render":true},{"ty":"fl","c":{"a":0,"k":[0.957,0.8696,0.843,1],"ix":4},"o":{"a":0,"k":100,"ix":5},"r":1,"bm":0,"nm":"Fill 1","mn":"ADBE Vector Graphic - Fill","hd":false,"_render":true},{"ty":"tr","p":{"a":0,"k":[68.872,43.561],"ix":2},"a":{"a":0,"k":[0,0],"ix":1},"s":{"a":0,"k":[100,100],"ix":3},"r":{"a":0,"k":0,"ix":6},"o":{"a":0,"k":100,"ix":7},"sk":{"a":0,"k":0,"ix":4},"sa":{"a":0,"k":0,"ix":5},"nm":"Transform","_render":true}],"nm":"Group 14","np":2,"cix":2,"bm":0,"ix":14,"mn":"ADBE Vector Group","hd":false,"_render":true},{"ty":"gr","it":[{"ind":0,"ty":"sh","ix":1,"ks":{"a":0,"k":{"i":[[23.122,2.376],[-23.122,2.376],[-23.122,-2.376],[23.122,-2.376]],"o":[[23.122,2.376],[-23.122,2.376],[-23.122,-2.376],[23.122,-2.376]],"v":[[23.122,2.376],[-23.122,2.376],[-23.122,-2.376],[23.122,-2.376]],"c":true},"ix":2},"nm":"Path 1","mn":"ADBE Vector Shape - Group","hd":false,"_render":true},{"ty":"fl","c":{"a":0,"k":[0.957,0.8696,0.843,1],"ix":4},"o":{"a":0,"k":100,"ix":5},"r":1,"bm":0,"nm":"Fill 1","mn":"ADBE Vector Graphic - Fill","hd":false,"_render":true},{"ty":"tr","p":{"a":0,"k":[48.64,35.298],"ix":2},"a":{"a":0,"k":[0,0],"ix":1},"s":{"a":0,"k":[100,100],"ix":3},"r":{"a":0,"k":0,"ix":6},"o":{"a":0,"k":100,"ix":7},"sk":{"a":0,"k":0,"ix":4},"sa":{"a":0,"k":0,"ix":5},"nm":"Transform","_render":true}],"nm":"Group 15","np":2,"cix":2,"bm":0,"ix":15,"mn":"ADBE Vector Group","hd":false,"_render":true},{"ty":"gr","it":[{"ind":0,"ty":"sh","ix":1,"ks":{"a":0,"k":{"i":[[10.639,10.639],[-10.639,10.639],[-10.639,-10.639],[10.639,-10.639]],"o":[[10.639,10.639],[-10.639,10.639],[-10.639,-10.639],[10.639,-10.639]],"v":[[10.639,10.639],[-10.639,10.639],[-10.639,-10.639],[10.639,-10.639]],"c":true},"ix":2},"nm":"Path 1","mn":"ADBE Vector Shape - Group","hd":false,"_render":true},{"ty":"fl","c":{"a":0,"k":[0.957,0.8696,0.843,1],"ix":4},"o":{"a":0,"k":100,"ix":5},"r":1,"bm":0,"nm":"Fill 1","mn":"ADBE Vector Graphic - Fill","hd":false,"_render":true},{"ty":"tr","p":{"a":0,"k":[10.889,43.562],"ix":2},"a":{"a":0,"k":[0,0],"ix":1},"s":{"a":0,"k":[100,100],"ix":3},"r":{"a":0,"k":0,"ix":6},"o":{"a":0,"k":100,"ix":7},"sk":{"a":0,"k":0,"ix":4},"sa":{"a":0,"k":0,"ix":5},"nm":"Transform","_render":true}],"nm":"Group 16","np":2,"cix":2,"bm":0,"ix":16,"mn":"ADBE Vector Group","hd":false,"_render":true},{"ty":"gr","it":[{"ind":0,"ty":"sh","ix":1,"ks":{"a":0,"k":{"i":[[43.354,2.376],[-43.354,2.376],[-43.354,-2.376],[43.354,-2.376]],"o":[[43.354,2.376],[-43.354,2.376],[-43.354,-2.376],[43.354,-2.376]],"v":[[43.354,2.376],[-43.354,2.376],[-43.354,-2.376],[43.354,-2.376]],"c":true},"ix":2},"nm":"Path 1","mn":"ADBE Vector Shape - Group","hd":false,"_render":true},{"ty":"fl","c":{"a":0,"k":[0.957,0.8696,0.843,1],"ix":4},"o":{"a":0,"k":100,"ix":5},"r":1,"bm":0,"nm":"Fill 1","mn":"ADBE Vector Graphic - Fill","hd":false,"_render":true},{"ty":"tr","p":{"a":0,"k":[68.872,19.153],"ix":2},"a":{"a":0,"k":[0,0],"ix":1},"s":{"a":0,"k":[100,100],"ix":3},"r":{"a":0,"k":0,"ix":6},"o":{"a":0,"k":100,"ix":7},"sk":{"a":0,"k":0,"ix":4},"sa":{"a":0,"k":0,"ix":5},"nm":"Transform","_render":true}],"nm":"Group 17","np":2,"cix":2,"bm":0,"ix":17,"mn":"ADBE Vector Group","hd":false,"_render":true},{"ty":"gr","it":[{"ind":0,"ty":"sh","ix":1,"ks":{"a":0,"k":{"i":[[43.354,2.376],[-43.354,2.376],[-43.354,-2.376],[43.354,-2.376]],"o":[[43.354,2.376],[-43.354,2.376],[-43.354,-2.376],[43.354,-2.376]],"v":[[43.354,2.376],[-43.354,2.376],[-43.354,-2.376],[43.354,-2.376]],"c":true},"ix":2},"nm":"Path 1","mn":"ADBE Vector Shape - Group","hd":false,"_render":true},{"ty":"fl","c":{"a":0,"k":[0.957,0.8696,0.843,1],"ix":4},"o":{"a":0,"k":100,"ix":5},"r":1,"bm":0,"nm":"Fill 1","mn":"ADBE Vector Graphic - Fill","hd":false,"_render":true},{"ty":"tr","p":{"a":0,"k":[68.872,10.89],"ix":2},"a":{"a":0,"k":[0,0],"ix":1},"s":{"a":0,"k":[100,100],"ix":3},"r":{"a":0,"k":0,"ix":6},"o":{"a":0,"k":100,"ix":7},"sk":{"a":0,"k":0,"ix":4},"sa":{"a":0,"k":0,"ix":5},"nm":"Transform","_render":true}],"nm":"Group 18","np":2,"cix":2,"bm":0,"ix":18,"mn":"ADBE Vector Group","hd":false,"_render":true},{"ty":"gr","it":[{"ind":0,"ty":"sh","ix":1,"ks":{"a":0,"k":{"i":[[23.122,2.376],[-23.122,2.376],[-23.122,-2.376],[23.122,-2.376]],"o":[[23.122,2.376],[-23.122,2.376],[-23.122,-2.376],[23.122,-2.376]],"v":[[23.122,2.376],[-23.122,2.376],[-23.122,-2.376],[23.122,-2.376]],"c":true},"ix":2},"nm":"Path 1","mn":"ADBE Vector Shape - Group","hd":false,"_render":true},{"ty":"fl","c":{"a":0,"k":[0.957,0.8696,0.843,1],"ix":4},"o":{"a":0,"k":100,"ix":5},"r":1,"bm":0,"nm":"Fill 1","mn":"ADBE Vector Graphic - Fill","hd":false,"_render":true},{"ty":"tr","p":{"a":0,"k":[48.64,2.626],"ix":2},"a":{"a":0,"k":[0,0],"ix":1},"s":{"a":0,"k":[100,100],"ix":3},"r":{"a":0,"k":0,"ix":6},"o":{"a":0,"k":100,"ix":7},"sk":{"a":0,"k":0,"ix":4},"sa":{"a":0,"k":0,"ix":5},"nm":"Transform","_render":true}],"nm":"Group 19","np":2,"cix":2,"bm":0,"ix":19,"mn":"ADBE Vector Group","hd":false,"_render":true},{"ty":"gr","it":[{"ind":0,"ty":"sh","ix":1,"ks":{"a":0,"k":{"i":[[10.639,10.64],[-10.639,10.64],[-10.639,-10.64],[10.639,-10.64]],"o":[[10.639,10.64],[-10.639,10.64],[-10.639,-10.64],[10.639,-10.64]],"v":[[10.639,10.64],[-10.639,10.64],[-10.639,-10.64],[10.639,-10.64]],"c":true},"ix":2},"nm":"Path 1","mn":"ADBE Vector Shape - Group","hd":false,"_render":true},{"ty":"fl","c":{"a":0,"k":[0.957,0.8696,0.843,1],"ix":4},"o":{"a":0,"k":100,"ix":5},"r":1,"bm":0,"nm":"Fill 1","mn":"ADBE Vector Graphic - Fill","hd":false,"_render":true},{"ty":"tr","p":{"a":0,"k":[10.889,10.89],"ix":2},"a":{"a":0,"k":[0,0],"ix":1},"s":{"a":0,"k":[100,100],"ix":3},"r":{"a":0,"k":0,"ix":6},"o":{"a":0,"k":100,"ix":7},"sk":{"a":0,"k":0,"ix":4},"sa":{"a":0,"k":0,"ix":5},"nm":"Transform","_render":true}],"nm":"Group 20","np":2,"cix":2,"bm":0,"ix":20,"mn":"ADBE Vector Group","hd":false,"_render":true}],"ip":0,"op":181.000007372281,"st":0,"bm":0,"completed":true},{"ddd":0,"ind":10,"ty":4,"nm":"book left 2","parent":11,"sr":1,"ks":{"o":{"a":0,"k":100,"ix":11},"r":{"a":0,"k":0,"ix":10},"p":{"a":0,"k":[-48.147,124.537,0],"ix":2},"a":{"a":0,"k":[151.853,124.537,0],"ix":1},"s":{"a":0,"k":[-100,100,100],"ix":6}},"ao":0,"shapes":[{"ty":"gr","it":[{"ind":0,"ty":"sh","ix":1,"ks":{"a":0,"k":{"i":[[-61.236,-116.473],[-117.977,-100.881],[-117.977,128.036],[117.977,128.036],[117.977,-116.473]],"o":[[-97.29599999999999,-116.473],[-117.977,-73.695],[-117.977,128.036],[117.977,128.036],[117.977,-116.473]],"v":[[-61.236,-116.473],[-117.977,-73.695],[-117.977,128.036],[117.977,128.036],[117.977,-116.473]],"c":true},"ix":2},"nm":"Path 1","mn":"ADBE Vector Shape - Group","hd":false,"_render":true},{"ty":"fl","c":{"a":0,"k":[0.964,0.9272,0.916,1],"ix":4},"o":{"a":0,"k":100,"ix":5},"r":1,"bm":0,"nm":"Fill 1","mn":"ADBE Vector Graphic - Fill","hd":false,"_render":true},{"ty":"tr","p":{"a":0,"k":[169.968,116.723],"ix":2},"a":{"a":0,"k":[0,0],"ix":1},"s":{"a":0,"k":[100,100],"ix":3},"r":{"a":0,"k":0,"ix":6},"o":{"a":0,"k":100,"ix":7},"sk":{"a":0,"k":0,"ix":4},"sa":{"a":0,"k":0,"ix":5},"nm":"Transform","_render":true}],"nm":"Group 1","np":2,"cix":2,"bm":0,"ix":1,"mn":"ADBE Vector Group","hd":false,"_render":true},{"ty":"gr","it":[{"ind":0,"ty":"sh","ix":1,"ks":{"a":0,"k":{"i":[[-61.235,-107.076],[-117.976,-92.349],[-117.976,122.706],[117.976,122.706],[117.976,-107.076]],"o":[[-97.295,-107.076],[-117.976,-66.671],[-117.976,122.706],[117.976,122.706],[117.976,-107.076]],"v":[[-61.235,-107.076],[-117.976,-66.671],[-117.976,122.706],[117.976,122.706],[117.976,-107.076]],"c":true},"ix":2},"nm":"Path 1","mn":"ADBE Vector Shape - Group","hd":false,"_render":true},{"ty":"fl","c":{"a":0,"k":[0.957,0.8696,0.843,1],"ix":4},"o":{"a":0,"k":100,"ix":5},"r":1,"bm":0,"nm":"Fill 1","mn":"ADBE Vector Graphic - Fill","hd":false,"_render":true},{"ty":"tr","p":{"a":0,"k":[185.479,126.119],"ix":2},"a":{"a":0,"k":[0,0],"ix":1},"s":{"a":0,"k":[100,100],"ix":3},"r":{"a":0,"k":0,"ix":6},"o":{"a":0,"k":100,"ix":7},"sk":{"a":0,"k":0,"ix":4},"sa":{"a":0,"k":0,"ix":5},"nm":"Transform","_render":true}],"nm":"Group 3","np":2,"cix":2,"bm":0,"ix":2,"mn":"ADBE Vector Group","hd":false,"_render":true}],"ip":0,"op":181.000007372281,"st":0,"bm":0,"completed":true},{"ddd":0,"ind":11,"ty":4,"nm":"book right 2","sr":1,"ks":{"o":{"a":0,"k":100,"ix":11},"r":{"a":1,"k":[{"i":{"x":[0.16],"y":[1]},"o":{"x":[0.167],"y":[0]},"t":0,"s":[0]},{"t":20.0000008146167,"s":[0]}],"ix":10},"p":{"a":1,"k":[{"i":{"x":0.16,"y":1},"o":{"x":0.167,"y":0.167},"t":0,"s":[-262.907,191.342,0],"to":[0,0,0],"ti":[0,0,0]},{"i":{"x":0.41,"y":0.41},"o":{"x":0.84,"y":0.84},"t":20,"s":[27.093,191.342,0],"to":[0,0,0],"ti":[0,0,0]},{"i":{"x":0.16,"y":1},"o":{"x":0.59,"y":0},"t":63,"s":[27.093,191.342,0],"to":[0,0,0],"ti":[0,0,0]},{"t":83.0000033806593,"s":[27.093,444.342,0]}],"ix":2},"a":{"a":0,"k":[51.991,124.538,0],"ix":1},"s":{"a":0,"k":[100,100,100],"ix":6}},"ao":0,"shapes":[{"ty":"gr","it":[{"ind":0,"ty":"sh","ix":1,"ks":{"a":0,"k":{"i":[[-61.236,-116.473],[-117.977,-100.881],[-117.977,128.036],[117.977,128.036],[117.977,-116.473]],"o":[[-97.29599999999999,-116.473],[-117.977,-73.695],[-117.977,128.036],[117.977,128.036],[117.977,-116.473]],"v":[[-61.236,-116.473],[-117.977,-73.695],[-117.977,128.036],[117.977,128.036],[117.977,-116.473]],"c":true},"ix":2},"nm":"Path 1","mn":"ADBE Vector Shape - Group","hd":false,"_render":true},{"ty":"fl","c":{"a":0,"k":[0.964,0.9272,0.916,1],"ix":4},"o":{"a":0,"k":100,"ix":5},"r":1,"bm":0,"nm":"Fill 1","mn":"ADBE Vector Graphic - Fill","hd":false,"_render":true},{"ty":"tr","p":{"a":0,"k":[169.968,116.723],"ix":2},"a":{"a":0,"k":[0,0],"ix":1},"s":{"a":0,"k":[100,100],"ix":3},"r":{"a":0,"k":0,"ix":6},"o":{"a":0,"k":100,"ix":7},"sk":{"a":0,"k":0,"ix":4},"sa":{"a":0,"k":0,"ix":5},"nm":"Transform","_render":true}],"nm":"Group 1","np":2,"cix":2,"bm":0,"ix":1,"mn":"ADBE Vector Group","hd":false,"_render":true},{"ty":"gr","it":[{"ind":0,"ty":"sh","ix":1,"ks":{"a":0,"k":{"i":[[-61.235,-107.076],[-117.976,-92.349],[-117.976,122.706],[117.976,122.706],[117.976,-107.076]],"o":[[-97.295,-107.076],[-117.976,-66.671],[-117.976,122.706],[117.976,122.706],[117.976,-107.076]],"v":[[-61.235,-107.076],[-117.976,-66.671],[-117.976,122.706],[117.976,122.706],[117.976,-107.076]],"c":true},"ix":2},"nm":"Path 1","mn":"ADBE Vector Shape - Group","hd":false,"_render":true},{"ty":"fl","c":{"a":0,"k":[0.957,0.8696,0.843,1],"ix":4},"o":{"a":0,"k":100,"ix":5},"r":1,"bm":0,"nm":"Fill 1","mn":"ADBE Vector Graphic - Fill","hd":false,"_render":true},{"ty":"tr","p":{"a":0,"k":[185.479,126.119],"ix":2},"a":{"a":0,"k":[0,0],"ix":1},"s":{"a":0,"k":[100,100],"ix":3},"r":{"a":0,"k":0,"ix":6},"o":{"a":0,"k":100,"ix":7},"sk":{"a":0,"k":0,"ix":4},"sa":{"a":0,"k":0,"ix":5},"nm":"Transform","_render":true}],"nm":"Group 3","np":2,"cix":2,"bm":0,"ix":2,"mn":"ADBE Vector Group","hd":false,"_render":true}],"ip":0,"op":181.000007372281,"st":0,"bm":0,"completed":true},{"ddd":0,"ind":13,"ty":4,"nm":"circle","sr":1,"ks":{"o":{"a":1,"k":[{"i":{"x":[0.833],"y":[0.833]},"o":{"x":[1],"y":[0]},"t":121,"s":[100]},{"t":135.000005498663,"s":[0]}],"ix":11},"r":{"a":0,"k":0,"ix":10},"p":{"a":1,"k":[{"i":{"x":0.833,"y":0.833},"o":{"x":1,"y":0},"t":121,"s":[150,178.5,0],"to":[0,8.333,0],"ti":[0,-8.333,0]},{"t":135.000005498663,"s":[150,228.5,0]}],"ix":2},"a":{"a":0,"k":[129,166.5,0],"ix":1},"s":{"a":1,"k":[{"i":{"x":[0.27,0.27,0.27],"y":[1,1,1]},"o":{"x":[0.59,0.59,0.59],"y":[0,0,0]},"t":63,"s":[0,0,100]},{"i":{"x":[0.27,0.27,0.27],"y":[1,1,1]},"o":{"x":[0.73,0.73,0.73],"y":[0,0,0]},"t":79,"s":[105.945,105.945,100]},{"i":{"x":[0,0,0],"y":[1,1,1]},"o":{"x":[0.73,0.73,0.73],"y":[0,0,0]},"t":93,"s":[100,100,100]},{"i":{"x":[0.833,0.833,0.833],"y":[0.833,0.833,9.333]},"o":{"x":[1,1,1],"y":[0,0,0]},"t":121,"s":[100,100,100]},{"t":135.000005498663,"s":[50,50,100]}],"ix":6}},"ao":0,"shapes":[{"ty":"gr","it":[{"ind":0,"ty":"sh","ix":1,"ks":{"a":0,"k":{"i":[[128.413,-70.921],[70.92099999999999,128.414],[-128.413,70.921],[-70.92200000000001,-128.414]],"o":[[128.413,70.921],[-70.92200000000001,128.414],[-128.413,-70.921],[70.92099999999999,-128.414]],"v":[[128.413,0],[-0.001,128.414],[-128.413,0],[-0.001,-128.414]],"c":true},"ix":2},"nm":"Path 1","mn":"ADBE Vector Shape - Group","hd":false},{"ty":"fl","c":{"a":0,"k":[0.9504,0.9038,0.8896,1],"ix":4},"o":{"a":0,"k":100,"ix":5},"r":1,"bm":0,"nm":"Fill 1","mn":"ADBE Vector Graphic - Fill","hd":false},{"ty":"tr","p":{"a":0,"k":[129,138.329],"ix":2},"a":{"a":0,"k":[0,0],"ix":1},"s":{"a":0,"k":[100,100],"ix":3},"r":{"a":0,"k":0,"ix":6},"o":{"a":0,"k":100,"ix":7},"sk":{"a":0,"k":0,"ix":4},"sa":{"a":0,"k":0,"ix":5},"nm":"Transform"}],"nm":"Group 12","np":2,"cix":2,"bm":0,"ix":1,"mn":"ADBE Vector Group","hd":false}],"ip":63.0000025660426,"op":1007.00004101595,"st":107.000004358199,"bm":0,"completed":true},{"ddd":0,"ind":14,"ty":4,"nm":"Shape Layer 1","sr":1,"ks":{"o":{"a":0,"k":100,"ix":11},"r":{"a":0,"k":0,"ix":10},"p":{"a":0,"k":[150,150,0],"ix":2},"a":{"a":0,"k":[0,0,0],"ix":1},"s":{"a":0,"k":[100,100,100],"ix":6}},"ao":0,"shapes":[{"ty":"gr","it":[{"d":1,"ty":"el","s":{"a":0,"k":[300,300],"ix":2},"p":{"a":0,"k":[0,0],"ix":3},"nm":"Ellipse Path 1","mn":"ADBE Vector Shape - Ellipse","hd":false,"_render":true},{"ty":"st","c":{"a":0,"k":[0.2627,0.102,0,1],"ix":3},"o":{"a":0,"k":100,"ix":4},"w":{"a":0,"k":0,"ix":5},"lc":1,"lj":1,"ml":4,"bm":0,"nm":"Stroke 1","mn":"ADBE Vector Graphic - Stroke","hd":false,"_render":true},{"ty":"fl","c":{"a":0,"k":[0.957,0.8696,0.843,1],"ix":4},"o":{"a":0,"k":100,"ix":5},"r":1,"bm":0,"nm":"Fill 1","mn":"ADBE Vector Graphic - Fill","hd":false,"_render":true},{"ty":"tr","p":{"a":0,"k":[0,0],"ix":2},"a":{"a":0,"k":[0,0],"ix":1},"s":{"a":0,"k":[100,100],"ix":3},"r":{"a":0,"k":0,"ix":6},"o":{"a":0,"k":100,"ix":7},"sk":{"a":0,"k":0,"ix":4},"sa":{"a":0,"k":0,"ix":5},"nm":"Transform","_render":true}],"nm":"Ellipse 1","np":3,"cix":2,"bm":0,"ix":1,"mn":"ADBE Vector Group","hd":false,"_render":true}],"ip":0,"op":181.000007372281,"st":0,"bm":0,"completed":true}]}],"layers":[{"ddd":0,"ind":1,"ty":0,"nm":"CEF-App-animation-selector","refId":"comp_0","sr":1,"ks":{"o":{"a":0,"k":100,"ix":11},"r":{"a":0,"k":0,"ix":10},"p":{"a":0,"k":[150,150,0],"ix":2},"a":{"a":0,"k":[150,150,0],"ix":1},"s":{"a":0,"k":[100,100,100],"ix":6}},"ao":0,"hasMask":true,"masksProperties":[{"inv":false,"mode":"a","pt":{"a":0,"k":{"i":[[232.84300000000002,0],[0,67.157],[67.157,300],[300,232.84300000000002]],"o":[[67.157,0],[0,232.84300000000002],[232.84300000000002,300],[300,67.157]],"v":[[150,0],[0,150],[150,300],[300,150]],"c":true},"ix":1},"o":{"a":0,"k":100,"ix":3},"x":{"a":0,"k":0,"ix":4},"nm":"Mask 1"}],"w":300,"h":300,"ip":0,"op":141.000005743048,"st":0,"bm":0,"completed":true,"layers":[{"ddd":0,"ind":1,"ty":4,"nm":"phone Outlines","sr":1,"ks":{"o":{"a":0,"k":100,"ix":11},"r":{"a":1,"k":[{"i":{"x":[0.16],"y":[1]},"o":{"x":[0.167],"y":[0.167]},"t":16,"s":[19]},{"t":36.0000014663101,"s":[0]}],"ix":10},"p":{"a":1,"k":[{"i":{"x":0.16,"y":1},"o":{"x":0.167,"y":0.167},"t":16,"s":[320.999,411.563,0],"to": [0,0,0],"ti":[0,0,0]},{"i":{"x":0,"y":0},"o":{"x":0.167,"y":0.167},"t":36,"s":[149.999,306.563,0],"to":[0,0,0],"ti":[0,0,0]},{"i":{"x":0.833,"y":0.833},"o":{"x":1,"y":0},"t":120,"s":[149.999,306.563,0],"to":[0,0,0],"ti":[0,0,0]},{"t":134.000005457932,"s":[149.999,594.563,0]}],"ix":2},"a":{"a":0,"k":[110.395,294.466,0],"ix":1},"s":{"a":0,"k":[100,100,100],"ix":6}},"ao":0,"shapes":[{"ty":"gr","it":[{"ind":0,"ty":"sh","ix":1,"ks":{"a":0,"k":{"i":[[39.769,-7.852],[-43.821,-7.852],[-36.487,-4.568],[-36.487,0],[-32.971000000000004,7.852],[28.634,7.852],[36.486,4.336],[36.486,-0.518]],"o":[[43.82,-7.852],[-39.771,-7.852],[-36.487,-0.518],[-36.487,4.336],[-28.635,7.852],[32.97,7.852],[36.486,0],[36.486,-4.568]],"v":[[43.82,-7.852],[-43.821,-7.852],[-36.487,-0.518],[-36.487,0],[-28.635,7.852],[28.634,7.852],[36.486,0],[36.486,-0.518]],"c":true},"ix":2},"nm":"Path 1","mn":"ADBE Vector Shape - Group","hd":false,"_render":true},{"ty":"fl","c":{"a":0,"k":[0.3,0.3,0.3,1],"ix":4},"o":{"a":0,"k":100,"ix":5},"r":1,"bm":0,"nm":"Fill 1","mn":"ADBE Vector Graphic - Fill","hd":false,"_render":true},{"ty":"tr","p":{"a":0,"k":[110.396,37.52],"ix":2},"a":{"a":0,"k":[0,0],"ix":1},"s":{"a":0,"k":[100,100],"ix":3},"r":{"a":0,"k":0,"ix":6},"o":{"a":0,"k":100,"ix":7},"sk":{"a":0,"k":0,"ix":4},"sa":{"a":0,"k":0,"ix":5},"nm":"Transform","_render":true}],"nm":"Group 1","np":2,"cix":2,"bm":0,"ix":1,"mn":"ADBE Vector Group","hd":false,"_render":true},{"ty":"gr","it":[{"ind":0,"ty":"sh","ix":1,"ks":{"a":0,"k":{"i":[[73.83800000000001,-134.733],[-59.579,-134.733],[-85.395,-123.17500000000001],[-85.395,108.918],[-73.837,134.733],[59.581,134.733],[85.395,123.176],[85.395,-108.918]],"o":[[59.581,-134.733],[-73.837,-134.733],[-85.395,-108.918],[-85.395,123.176],[-59.579,134.733],[73.83800000000001,134.733],[85.395,108.918],[85.395,-123.17500000000001]],"v":[[59.581,-134.733],[-59.579,-134.733],[-85.395,-108.918],[-85.395,108.918],[-59.579,134.733],[59.581,134.733],[85.395,108.918],[85.395,-108.918]],"c":true},"ix":2},"nm":"Path 1","mn":"ADBE Vector Shape - Group","hd":false,"_render":true},{"ty":"st","c":{"a":0,"k":[0.3,0.3,0.3,1],"ix":3},"o":{"a":0,"k":100,"ix":4},"w":{"a":0,"k":10,"ix":5},"lc":1,"lj":1,"ml":10,"bm":0,"nm":"Stroke 1","mn":"ADBE Vector Graphic - Stroke","hd":false,"_render":true},{"ty":"tr","p":{"a":0,"k":[110.395,159.733],"ix":2},"a":{"a":0,"k":[0,0],"ix":1},"s":{"a":0,"k":[100,100],"ix":3},"r":{"a":0,"k":0,"ix":6},"o":{"a":0,"k":100,"ix":7},"sk":{"a":0,"k":0,"ix":4},"sa":{"a":0,"k":0,"ix":5},"nm":"Transform","_render":true}],"nm":"Group 2","np":2,"cix":2,"bm":0,"ix":2,"mn":"ADBE Vector Group","hd":false,"_render":true}],"ip":0,"op":181.000007372281,"st":0,"bm":0,"completed":true},{"ddd":0,"ind":2,"ty":4,"nm":"screen mask 2","parent":1,"td":1,"sr":1,"ks":{"o":{"a":0,"k":100,"ix":11},"r":{"a":0,"k":0,"ix":10},"p":{"a":0,"k":[110.396,166.403,0],"ix":2},"a":{"a":0,"k":[129,166.5,0],"ix":1},"s":{"a":0,"k":[100,100,100],"ix":6}},"ao":0,"shapes":[{"ty":"gr","it":[{"ind":0,"ty":"sh","ix":1,"ks":{"a":0,"k":{"i":[[73.838,-131.451],[-59.58,-131.451],[-85.395,-119.893],[-85.395,125.45],[-73.837,151.265],[59.58,151.265],[85.395,139.708],[85.395,-105.636]],"o":[[59.58,-131.451],[-73.837,-131.451],[-85.395,-105.636],[-85.395,139.708],[-59.58,151.265],[73.838,151.265],[85.395,125.45],[85.395,-119.893]],"v":[[59.58,-131.451],[-59.58,-131.451],[-85.395,-105.636],[-85.395,125.45],[-59.58,151.265],[59.58,151.265],[85.395,125.45],[85.395,-105.636]],"c":true},"ix":2},"nm":"Path 1","mn":"ADBE Vector Shape - Group","hd":false},{"ty":"mm","mm":4,"nm":"Merge Paths 1","mn":"ADBE Vector Filter - Merge","hd":false},{"ty":"fl","c":{"a":0,"k":[1,1,1,1],"ix":4},"o":{"a":0,"k":100,"ix":5},"r":1,"bm":0,"nm":"Fill 1","mn":"ADBE Vector Graphic - Fill","hd":false},{"ty":"tr","p":{"a":0,"k":[129,156.549],"ix":2},"a":{"a":0,"k":[0,0],"ix":1},"s":{"a":0,"k":[100,100],"ix":3},"r":{"a":0,"k":0,"ix":6},"o":{"a":0,"k":100,"ix":7},"sk":{"a":0,"k":0,"ix":4},"sa":{"a":0,"k":0,"ix":5},"nm":"Transform"}],"nm":"Group 11","np":3,"cix":2,"bm":0,"ix":1,"mn":"ADBE Vector Group","hd":false}],"ip":61.0000024845809,"op":185.000007535204,"st":62.0000025253118,"bm":0,"completed":true},{"ddd":0,"ind":3,"ty":4,"nm":"red screen items","parent":1,"tt":1,"sr":1,"ks":{"o":{"a":0,"k":100,"ix":11},"r":{"a":0,"k":0,"ix":10},"p":{"a":0,"k":[110.396,166.403,0],"ix":2},"a":{"a":0,"k":[129,166.5,0],"ix":1},"s":{"a":0,"k":[100,100,100],"ix":6}},"ao":0,"shapes":[{"ty":"gr","it":[{"ind":0,"ty":"sh","ix":1,"ks":{"a":0,"k":{"i":[[-3.863,0.896],[-1.495,3.264],[3.676,-1.907]],"o":[[-3.863,0.896],[-1.495,3.264],[3.676,-1.907]],"v":[[-3.863,0.896],[-1.495,3.264],[3.676,-1.907]],"c":false},"ix":2},"nm":"Path 1","mn":"ADBE Vector Shape - Group","hd":false},{"ty":"st","c":{"a":0,"k":[1,1,1,1],"ix":3},"o":{"a":0,"k":100,"ix":4},"w":{"a":0,"k":2,"ix":5},"lc":1,"lj":1,"ml":10,"bm":0,"nm":"Stroke 1","mn":"ADBE Vector Graphic - Stroke","hd":false},{"ty":"tr","p":{"a":1,"k":[{"i":{"x":0,"y":1},"o":{"x":0.167,"y":0.167},"t":61,"s":[172.129,157.779],"to":[0,3.333],"ti":[0,-3.333]},{"t":76.0000030955435,"s":[172.129,177.779]}],"ix":2},"a":{"a":0,"k":[0,0],"ix":1},"s":{"a":0,"k":[100,100],"ix":3},"r":{"a":0,"k":0,"ix":6},"o":{"a":0,"k":100,"ix":7},"sk":{"a":0,"k":0,"ix":4},"sa":{"a":0,"k":0,"ix":5},"nm":"Transform"}],"nm":"button tick","np":2,"cix":2,"bm":0,"ix":1,"mn":"ADBE Vector Group","hd":false},{"ty":"gr","it":[{"ind":0,"ty":"sh","ix":1,"ks":{"a":0,"k":{"i":[[75.201,-18.952],[-64.735,-18.952],[-83.686,-10.466999999999999],[-83.686,18.952],[83.686,18.952],[83.686,-0.001]],"o":[[64.734,-18.952],[-75.202,-18.952],[-83.686,-0.001],[-83.686,18.952],[83.686,18.952],[83.686,-10.466999999999999]],"v":[[64.734,-18.952],[-64.735,-18.952],[-83.686,-0.001],[-83.686,18.952],[83.686,18.952],[83.686,-0.001]],"c":true},"ix":2},"nm":"Path 1","mn":"ADBE Vector Shape - Group","hd":false},{"ty":"fl","c":{"a":0,"k":[0.851,0.149,0,1],"ix":4},"o":{"a":0,"k":100,"ix":5},"r":1,"bm":0,"nm":"Fill 1","mn":"ADBE Vector Graphic - Fill","hd":false},{"ty":"tr","p":{"a":1,"k":[{"i":{"x":0,"y":1},"o":{"x":0.167,"y":0.167},"t":65,"s":[127.291,9.049],"to":[0,5.833],"ti":[0,-5.833]},{"t":80.0000032584668,"s":[127.291,44.049]}],"ix":2},"a":{"a":0,"k":[0,0],"ix":1},"s":{"a":0,"k":[100,100],"ix":3},"r":{"a":0,"k":0,"ix":6},"o":{"a":0,"k":100,"ix":7},"sk":{"a":0,"k":0,"ix":4},"sa":{"a":0,"k":0,"ix":5},"nm":"Transform"}],"nm":"top bar","np":2,"cix":2,"bm":0,"ix":2,"mn":"ADBE Vector Group","hd":false},{"ty":"gr","it":[{"ind":0,"ty":"sh","ix":1,"ks":{"a":0,"k":{"i":[[14.684,6.205],[-14.684,6.205],[-14.684,-6.205],[14.684,-6.205]],"o":[[14.684,6.205],[-14.684,6.205],[-14.684,-6.205],[14.684,-6.205]],"v":[[14.684,6.205],[-14.684,6.205],[-14.684,-6.205],[14.684,-6.205]],"c":true},"ix":2},"nm":"Path 1","mn":"ADBE Vector Shape - Group","hd":false},{"ty":"fl","c":{"a":0,"k":[0.8064,0.2733,0.1536,1],"ix":4},"o":{"a":0,"k":100,"ix":5},"r":1,"bm":0,"nm":"Fill 1","mn":"ADBE Vector Graphic - Fill","hd":false},{"ty":"tr","p":{"a":1,"k":[{"i":{"x":0,"y":1},"o":{"x":0.167,"y":0.167},"t":61,"s":[171.13,158.996],"to":[0,3.333],"ti":[0,-3.333]},{"t":76.0000030955435,"s":[171.13,178.996]}],"ix":2},"a":{"a":0,"k":[0,0],"ix":1},"s":{"a":0,"k":[100,100],"ix":3},"r":{"a":0,"k":0,"ix":6},"o":{"a":0,"k":100,"ix":7},"sk":{"a":0,"k":0,"ix":4},"sa":{"a":0,"k":0,"ix":5},"nm":"Transform"}],"nm":"button red","np":2,"cix":2,"bm":0,"ix":3,"mn":"ADBE Vector Group","hd":false},{"ty":"gr","it":[{"ind":0,"ty":"sh","ix":1,"ks":{"a":0,"k":{"i":[[56.628,8.372],[-56.628,8.372],[-56.628,-8.372],[56.628,-8.372]],"o":[[56.628,8.372],[-56.628,8.372],[-56.628,-8.372],[56.628,-8.372]],"v":[[56.628,8.372],[-56.628,8.372],[-56.628,-8.372],[56.628,-8.372]],"c":true},"ix":2},"nm":"Path 1","mn":"ADBE Vector Shape - Group","hd":false},{"ty":"fl","c":{"a":0,"k":[0.8064,0.2733,0.1536,1],"ix":4},"o":{"a":0,"k":100,"ix":5},"r":1,"bm":0,"nm":"Fill 1","mn":"ADBE Vector Graphic - Fill","hd":false},{"ty":"tr","p":{"a":1,"k":[{"i":{"x":0,"y":1},"o":{"x":0.167,"y":0.167},"t":65,"s":[129.186,346.658],"to":[0,-15],"ti":[0,15]},{"t":80.0000032584668,"s":[129.186,256.658]}],"ix":2},"a":{"a":0,"k":[0,0],"ix":1},"s":{"a":0,"k":[100,100],"ix":3},"r":{"a":0,"k":0,"ix":6},"o":{"a":0,"k":100,"ix":7},"sk":{"a":0,"k":0,"ix":4},"sa":{"a":0,"k":0,"ix":5},"nm":"Transform"}],"nm":"buy button","np":2,"cix":2,"bm":0,"ix":4,"mn":"ADBE Vector Group","hd":false}],"ip":61.0000024845809,"op":961.000039142332,"st":61.0000024845809,"bm":0,"completed":true},{"ddd":0,"ind":4,"ty":4,"nm":"screen mask","parent":1,"td":1,"sr":1,"ks":{"o":{"a":0,"k":100,"ix":11},"r":{"a":0,"k":0,"ix":10},"p":{"a":0,"k":[110.396,166.403,0],"ix":2},"a":{"a":0,"k":[129,166.5,0],"ix":1},"s":{"a":0,"k":[100,100,100],"ix":6}},"ao":0,"shapes":[{"ty":"gr","it":[{"ind":0,"ty":"sh","ix":1,"ks":{"a":0,"k":{"i":[[73.838,-131.451],[-59.58,-131.451],[-85.395,-119.893],[-85.395,125.45],[-73.837,151.265],[59.58,151.265],[85.395,139.708],[85.395,-105.636]],"o":[[59.58,-131.451],[-73.837,-131.451],[-85.395,-105.636],[-85.395,139.708],[-59.58,151.265],[73.838,151.265],[85.395,125.45],[85.395,-119.893]],"v":[[59.58,-131.451],[-59.58,-131.451],[-85.395,-105.636],[-85.395,125.45],[-59.58,151.265],[59.58,151.265],[85.395,125.45],[85.395,-105.636]],"c":true},"ix":2},"nm":"Path 1","mn":"ADBE Vector Shape - Group","hd":false},{"ty":"mm","mm":4,"nm":"Merge Paths 1","mn":"ADBE Vector Filter - Merge","hd":false},{"ty":"fl","c":{"a":0,"k":[1,1,1,1],"ix":4},"o":{"a":0,"k":100,"ix":5},"r":1,"bm":0,"nm":"Fill 1","mn":"ADBE Vector Graphic - Fill","hd":false},{"ty":"tr","p":{"a":0,"k":[129,156.549],"ix":2},"a":{"a":0,"k":[0,0],"ix":1},"s":{"a":0,"k":[100,100],"ix":3},"r":{"a":0,"k":0,"ix":6},"o":{"a":0,"k":100,"ix":7},"sk":{"a":0,"k":0,"ix":4},"sa":{"a":0,"k":0,"ix":5},"nm":"Transform"}],"nm":"Group 11","np":3,"cix":2,"bm":0,"ix":1,"mn":"ADBE Vector Group","hd":false}],"ip":61.0000024845809,"op":185.000007535204,"st":62.0000025253118,"bm":0,"completed":true},{"ddd":0,"ind":5,"ty":4,"nm":"pink screen items","parent":1,"tt":1,"sr":1,"ks":{"o":{"a":0,"k":100,"ix":11},"r":{"a":0,"k":0,"ix":10},"p":{"a":0,"k":[110.396,166.403,0],"ix":2},"a":{"a":0,"k":[129,166.5,0],"ix":1},"s":{"a":0,"k":[100,100,100],"ix":6}},"ao":0,"shapes":[{"ty":"gr","it":[{"ind":0,"ty":"sh","ix":1,"ks":{"a":0,"k":{"i":[[56.628,42.557],[-56.628,42.557],[-56.628,-42.557],[56.628,-42.557]],"o":[[56.628,42.557],[-56.628,42.557],[-56.628,-42.557],[56.628,-42.557]],"v":[[56.628,42.557],[-56.628,42.557],[-56.628,-42.557],[56.628,-42.557]],"c":true},"ix":2},"nm":"Path 1","mn":"ADBE Vector Shape - Group","hd":false},{"ty":"fl","c":{"a":0,"k":[0.957,0.8696,0.843,1],"ix":4},"o":{"a":0,"k":100,"ix":5},"r":1,"bm":0,"nm":"Fill 1","mn":"ADBE Vector Graphic - Fill","hd":false},{"ty":"tr","p":{"a":1,"k":[{"i":{"x":0,"y":1},"o":{"x":0.167,"y":0.167},"t":61,"s":[129.186,157.931],"to":[0,-5.672],"ti":[0,5.672]},{"t":76.0000030955435,"s":[129.186,123.899]}],"ix":2},"a":{"a":0,"k":[0,0],"ix":1},"s":{"a":1,"k":[{"i":{"x":[0,0],"y":[1,1]},"o":{"x":[0.167,0.167],"y":[0,0.167]},"t":61,"s":[100,24.043]},{"t":76.0000030955435,"s":[100,100]}],"ix":3},"r":{"a":0,"k":0,"ix":6},"o":{"a":0,"k":100,"ix":7},"sk":{"a":0,"k":0,"ix":4},"sa":{"a":0,"k":0,"ix":5},"nm":"Transform"}],"nm":"big box","np":2,"cix":2,"bm":0,"ix":1,"mn":"ADBE Vector Group","hd":false},{"ty":"gr","it":[{"ind":0,"ty":"sh","ix":1,"ks":{"a":0,"k":{"i":[[38.721,6.205],[-38.721,6.205],[-38.721,-6.205],[38.721,-6.205]],"o":[[38.721,6.205],[-38.721,6.205],[-38.721,-6.205],[38.721,-6.205]],"v":[[38.721,6.205],[-38.721,6.205],[-38.721,-6.205],[38.721,-6.205]],"c":true},"ix":2},"nm":"Path 1","mn":"ADBE Vector Shape - Group","hd":false},{"ty":"fl","c":{"a":0,"k":[0.957,0.8696,0.843,1],"ix":4},"o":{"a":0,"k":100,"ix":5},"r":1,"bm":0,"nm":"Fill 1","mn":"ADBE Vector Graphic - Fill","hd":false},{"ty":"tr","p":{"a":1,"k":[{"i":{"x":0,"y":1},"o":{"x":0.167,"y":0.167},"t":61,"s":[111.279,158.996],"to":[0,3.333],"ti":[0,-3.333]},{"t":76.0000030955435,"s":[111.279,178.996]}],"ix":2},"a":{"a":0,"k":[0,0],"ix":1},"s":{"a":0,"k":[100,100],"ix":3},"r":{"a":0,"k":0,"ix":6},"o":{"a":0,"k":100,"ix":7},"sk":{"a":0,"k":0,"ix":4},"sa":{"a":0,"k":0,"ix":5},"nm":"Transform"}],"nm":"next to button","np":2,"cix":2,"bm":0,"ix":2,"mn":"ADBE Vector Group","hd":false},{"ty":"gr","it":[{"ind":0,"ty":"sh","ix":1,"ks":{"a":0,"k":{"i":[[-3.769,0.217],[-1.401,2.585],[3.77,-2.585]],"o":[[-3.769,0.217],[-1.401,2.585],[3.77,-2.585]],"v":[[-3.769,0.217],[-1.401,2.585],[3.77,-2.585]],"c":false},"ix":2},"nm":"Path 1","mn":"ADBE Vector Shape - Group","hd":false},{"ty":"st","c":{"a":0,"k":[1,1,1,1],"ix":3},"o":{"a":0,"k":100,"ix":4},"w":{"a":0,"k":2,"ix":5},"lc":1,"lj":1,"ml":10,"bm":0,"nm":"Stroke 1","mn":"ADBE Vector Graphic - Stroke","hd":false},{"ty":"tr","p":{"a":1,"k":[{"i":{"x":0,"y":1},"o":{"x":0.167,"y":0.167},"t":61,"s":[172.129,158.779],"to":[0,3.333],"ti":[0,-3.333]},{"t":76.0000030955435,"s":[172.129,178.779]}],"ix":2},"a":{"a":0,"k":[0,0],"ix":1},"s":{"a":0,"k":[100,100],"ix":3},"r":{"a":0,"k":0,"ix":6},"o":{"a":0,"k":100,"ix":7},"sk":{"a":0,"k":0,"ix":4},"sa":{"a":0,"k":0,"ix":5},"nm":"Transform"}],"nm":"button tick","np":2,"cix":2,"bm":0,"ix":3,"mn":"ADBE Vector Group","hd":false},{"ty":"gr","it":[{"ind":0,"ty":"sh","ix":1,"ks":{"a":0,"k":{"i":[[72.558,196.1],[185.813,196.1]],"o":[[72.558,196.1],[185.813,196.1]],"v":[[72.558,196.1],[185.813,196.1]],"c":false},"ix":2},"nm":"Path 1","mn":"ADBE Vector Shape - Group","hd":false},{"ty":"st","c":{"a":0,"k":[1,0.2353,0,1],"ix":3},"o":{"a":0,"k":100,"ix":4},"w":{"a":0,"k":2,"ix":5},"lc":1,"lj":1,"ml":10,"bm":0,"nm":"Stroke 1","mn":"ADBE Vector Graphic - Stroke","hd":false},{"ty":"tr","p":{"a":0,"k":[0,0],"ix":2},"a":{"a":0,"k":[0,0],"ix":1},"s":{"a":0,"k":[100,100],"ix":3},"r":{"a":0,"k":0,"ix":6},"o":{"a":0,"k":100,"ix":7},"sk":{"a":0,"k":0,"ix":4},"sa":{"a":0,"k":0,"ix":5},"nm":"Transform"}],"nm":"line","np":2,"cix":2,"bm":0,"ix":4,"mn":"ADBE Vector Group","hd":false},{"ty":"gr","it":[{"ind":0,"ty":"sh","ix":1,"ks":{"a":0,"k":{"i":[[56.628,15.822],[-56.628,15.822],[-56.628,-15.823],[56.628,-15.823]],"o":[[56.628,15.822],[-56.628,15.822],[-56.628,-15.823],[56.628,-15.823]],"v":[[56.628,15.822],[-56.628,15.822],[-56.628,-15.823],[56.628,-15.823]],"c":true},"ix":2},"nm":"Path 1","mn":"ADBE Vector Shape - Group","hd":false},{"ty":"fl","c":{"a":0,"k":[0.957,0.8696,0.843,1],"ix":4},"o":{"a":0,"k":100,"ix":5},"r":1,"bm":0,"nm":"Fill 1","mn":"ADBE Vector Graphic - Fill","hd":false},{"ty":"tr","p":{"a":1,"k":[{"i":{"x":0,"y":1},"o":{"x":0.167,"y":0.167},"t":63,"s":[129.186,313.211],"to":[0,-15],"ti":[0,15]},{"t":78.0000031770051,"s":[129.186,223.211]}],"ix":2},"a":{"a":0,"k":[0,0],"ix":1},"s":{"a":0,"k":[100,100],"ix":3},"r":{"a":0,"k":0,"ix":6},"o":{"a":0,"k":100,"ix":7},"sk":{"a":0,"k":0,"ix":4},"sa":{"a":0,"k":0,"ix":5},"nm":"Transform"}],"nm":"second product","np":2,"cix":2,"bm":0,"ix":5,"mn":"ADBE Vector Group","hd":false}],"ip":61.0000024845809,"op":961.000039142332,"st":61.0000024845809,"bm":0,"completed":true},{"ddd":0,"ind":6,"ty":4,"nm":"screen flash 2","parent":1,"sr":1,"ks":{"o":{"a":1,"k":[{"i":{"x":[0.833],"y":[0.833]},"o":{"x":[0.167],"y":[0.167]},"t":56,"s":[0]},{"t":66.0000026882351,"s":[100]}],"ix":11},"r":{"a":0,"k":0,"ix":10},"p":{"a":0,"k":[110.396,166.403,0],"ix":2},"a":{"a":0,"k":[129,166.5,0],"ix":1},"s":{"a":0,"k":[100,100,100],"ix":6}},"ao":0,"shapes":[{"ty":"gr","it":[{"ind":0,"ty":"sh","ix":1,"ks":{"a":0,"k":{"i":[[73.838,-131.451],[-59.58,-131.451],[-85.395,-119.893],[-85.395,125.45],[-73.837,151.265],[59.58,151.265],[85.395,139.708],[85.395,-105.636]],"o":[[59.58,-131.451],[-73.837,-131.451],[-85.395,-105.636],[-85.395,139.708],[-59.58,151.265],[73.838,151.265],[85.395,125.45],[85.395,-119.893]],"v":[[59.58,-131.451],[-59.58,-131.451],[-85.395,-105.636],[-85.395,125.45],[-59.58,151.265],[59.58,151.265],[85.395,125.45],[85.395,-105.636]],"c":true},"ix":2},"nm":"Path 1","mn":"ADBE Vector Shape - Group","hd":false},{"ty":"mm","mm":4,"nm":"Merge Paths 1","mn":"ADBE Vector Filter - Merge","hd":false},{"ty":"fl","c":{"a":0,"k":[0.9634,0.9275,0.9166,1],"ix":4},"o":{"a":0,"k":100,"ix":5},"r":1,"bm":0,"nm":"Fill 1","mn":"ADBE Vector Graphic - Fill","hd":false},{"ty":"tr","p":{"a":0,"k":[129,156.549],"ix":2},"a":{"a":0,"k":[0,0],"ix":1},"s":{"a":0,"k":[100,100],"ix":3},"r":{"a":0,"k":0,"ix":6},"o":{"a":0,"k":100,"ix":7},"sk":{"a":0,"k":0,"ix":4},"sa":{"a":0,"k":0,"ix":5},"nm":"Transform"}],"nm":"Group 11","np":3,"cix":2,"bm":0,"ix":1,"mn":"ADBE Vector Group","hd":false}],"ip":56.0000022809268,"op":173.000007046434,"st":57.0000023216576,"bm":0,"completed":true},{"ddd":0,"ind":7,"ty":4,"nm":"screen flash","sr":1,"ks":{"o":{"a":1,"k":[{"i":{"x":[0.833],"y":[0.833]},"o":{"x":[0.167],"y":[0.167]},"t":39,"s":[0]},{"i":{"x":[0.833],"y":[0.833]},"o":{"x":[0.167],"y":[0.167]},"t":42,"s":[100]},{"i":{"x":[0.833],"y":[0.833]},"o":{"x":[0.167],"y":[0.167]},"t":48,"s":[100]},{"t":65.0000026475043,"s":[0]}],"ix":11},"r":{"a":0,"k":0,"ix":10},"p":{"a":1,"k":[{"i":{"x":0.2,"y":1},"o":{"x":0.167,"y":0.167},"t":42,"s":[150,178.5,0],"to":[0,-1.583,0],"ti":[0,1.583,0]},{"t":48.0000019550801,"s":[150,169,0]}],"ix":2},"a":{"a":0,"k":[129,166.5,0],"ix":1},"s":{"a":0,"k":[100,100,100],"ix":6}},"ao":0,"shapes":[{"ty":"gr","it":[{"ind":0,"ty":"sh","ix":1,"ks":{"a":1,"k":[{"i":{"x":0.833,"y":0.833},"o":{"x":0.167,"y":0.167},"t":42,"s":[{"i":[[73.838,-131.451],[-59.58,-131.451],[-85.395,-119.893],[-85.395,125.45],[-73.837,151.265],[59.58,151.265],[85.395,139.708],[85.395,-105.636]],"o":[[59.58,-131.451],[-73.837,-131.451],[-85.395,-105.636],[-85.395,139.708],[-59.58,151.265],[73.838,151.265],[85.395,125.45],[85.395,-119.893]],"v":[[59.58,-131.451],[-59.58,-131.451],[-85.395,-105.636],[-85.395,125.45],[-59.58,151.265],[59.58,151.265],[85.395,125.45],[85.395,-105.636]],"c":true}]},{"t":48.0000019550801,"s":[{"i":[[63.837999999999994,-3.451],[-49.58,-3.451],[-65.395,-1.892999999999999],[-65.815,6.45],[-64.257,22.265],[49.16,22.265],[64.975,20.708],[65.395,12.364]],"o":[[49.58,-3.451],[-63.836999999999996,-3.451],[-65.395,12.364],[-65.815,20.708],[-50,22.265],[63.41799999999999,22.265],[64.975,6.45],[65.395,-1.892999999999999]],"v":[[49.58,-3.451],[-49.58,-3.451],[-65.395,12.364],[-65.815,6.45],[-50,22.265],[49.16,22.265],[64.975,6.45],[65.395,12.364]],"c":true}]}],"ix":2},"nm":"Path 1","mn":"ADBE Vector Shape - Group","hd":false},{"ty":"mm","mm":4,"nm":"Merge Paths 1","mn":"ADBE Vector Filter - Merge","hd":false},{"ty":"fl","c":{"a":0,"k":[1,1,1,1],"ix":4},"o":{"a":0,"k":100,"ix":5},"r":1,"bm":0,"nm":"Fill 1","mn":"ADBE Vector Graphic - Fill","hd":false},{"ty":"tr","p":{"a":0,"k":[129,156.549],"ix":2},"a":{"a":0,"k":[0,0],"ix":1},"s":{"a":0,"k":[100,100],"ix":3},"r":{"a":0,"k":0,"ix":6},"o":{"a":0,"k":100,"ix":7},"sk":{"a":0,"k":0,"ix":4},"sa":{"a":0,"k":0,"ix":5},"nm":"Transform"}],"nm":"Group 11","np":3,"cix":2,"bm":0,"ix":1,"mn":"ADBE Vector Group","hd":false}],"ip":39.0000015885026,"op":65.0000026475043,"st":40.0000016292334,"bm":0,"completed":true},{"ddd":0,"ind":9,"ty":4,"nm":"Page words Outlines 2","parent":11,"sr":1,"ks":{"o":{"a":0,"k":100,"ix":11},"r":{"a":0,"k":0,"ix":10},"p":{"a":0,"k":[174.218,135.225,0],"ix":2},"a":{"a":0,"k":[56.238,76.234,0],"ix":1},"s":{"a":0,"k":[100,100,100],"ix":6}},"ao":0,"shapes":[{"ty":"gr","it":[{"ind":0,"ty":"sh","ix":1,"ks":{"a":0,"k":{"i":[[43.354,2.376],[-43.354,2.376],[-43.354,-2.376],[43.354,-2.376]],"o":[[43.354,2.376],[-43.354,2.376],[-43.354,-2.376],[43.354,-2.376]],"v":[[43.354,2.376],[-43.354,2.376],[-43.354,-2.376],[43.354,-2.376]],"c":true},"ix":2},"nm":"Path 1","mn":"ADBE Vector Shape - Group","hd":false,"_render":true},{"ty":"fl","c":{"a":0,"k":[0.957,0.8696,0.843,1],"ix":4},"o":{"a":0,"k":100,"ix":5},"r":1,"bm":0,"nm":"Fill 1","mn":"ADBE Vector Graphic - Fill","hd":false,"_render":true},{"ty":"tr","p":{"a":0,"k":[68.872,149.841],"ix":2},"a":{"a":0,"k":[0,0],"ix":1},"s":{"a":0,"k":[100,100],"ix":3},"r":{"a":0,"k":0,"ix":6},"o":{"a":0,"k":100,"ix":7},"sk":{"a":0,"k":0,"ix":4},"sa":{"a":0,"k":0,"ix":5},"nm":"Transform","_render":true}],"nm":"Group 1","np":2,"cix":2,"bm":0,"ix":1,"mn":"ADBE Vector Group","hd":false,"_render":true},{"ty":"gr","it":[{"ind":0,"ty":"sh","ix":1,"ks":{"a":0,"k":{"i":[[43.354,2.376],[-43.354,2.376],[-43.354,-2.376],[43.354,-2.376]],"o":[[43.354,2.376],[-43.354,2.376],[-43.354,-2.376],[43.354,-2.376]],"v":[[43.354,2.376],[-43.354,2.376],[-43.354,-2.376],[43.354,-2.376]],"c":true},"ix":2},"nm":"Path 1","mn":"ADBE Vector Shape - Group","hd":false,"_render":true},{"ty":"fl","c":{"a":0,"k":[0.957,0.8696,0.843,1],"ix":4},"o":{"a":0,"k":100,"ix":5},"r":1,"bm":0,"nm":"Fill 1","mn":"ADBE Vector Graphic - Fill","hd":false,"_render":true},{"ty":"tr","p":{"a":0,"k":[68.872,141.578],"ix":2},"a":{"a":0,"k":[0,0],"ix":1},"s":{"a":0,"k":[100,100],"ix":3},"r":{"a":0,"k":0,"ix":6},"o":{"a":0,"k":100,"ix":7},"sk":{"a":0,"k":0,"ix":4},"sa":{"a":0,"k":0,"ix":5},"nm":"Transform","_render":true}],"nm":"Group 2","np":2,"cix":2,"bm":0,"ix":2,"mn":"ADBE Vector Group","hd":false,"_render":true},{"ty":"gr","it":[{"ind":0,"ty":"sh","ix":1,"ks":{"a":0,"k":{"i":[[23.122,2.376],[-23.122,2.376],[-23.122,-2.376],[23.122,-2.376]],"o":[[23.122,2.376],[-23.122,2.376],[-23.122,-2.376],[23.122,-2.376]],"v":[[23.122,2.376],[-23.122,2.376],[-23.122,-2.376],[23.122,-2.376]],"c":true},"ix":2},"nm":"Path 1","mn":"ADBE Vector Shape - Group","hd":false,"_render":true},{"ty":"fl","c":{"a":0,"k":[0.957,0.8696,0.843,1],"ix":4},"o":{"a":0,"k":100,"ix":5},"r":1,"bm":0,"nm":"Fill 1","mn":"ADBE Vector Graphic - Fill","hd":false,"_render":true},{"ty":"tr","p":{"a":0,"k":[48.64,133.314],"ix":2},"a":{"a":0,"k":[0,0],"ix":1},"s":{"a":0,"k":[100,100],"ix":3},"r":{"a":0,"k":0,"ix":6},"o":{"a":0,"k":100,"ix":7},"sk":{"a":0,"k":0,"ix":4},"sa":{"a":0,"k":0,"ix":5},"nm":"Transform","_render":true}],"nm":"Group 3","np":2,"cix":2,"bm":0,"ix":3,"mn":"ADBE Vector Group","hd":false,"_render":true},{"ty":"gr","it":[{"ind":0,"ty":"sh","ix":1,"ks":{"a":0,"k":{"i":[[10.639,10.639],[-10.639,10.639],[-10.639,-10.639],[10.639,-10.639]],"o":[[10.639,10.639],[-10.639,10.639],[-10.639,-10.639],[10.639,-10.639]],"v":[[10.639,10.639],[-10.639,10.639],[-10.639,-10.639],[10.639,-10.639]],"c":true},"ix":2},"nm":"Path 1","mn":"ADBE Vector Shape - Group","hd":false,"_render":true},{"ty":"fl","c":{"a":0,"k":[0.957,0.8696,0.843,1],"ix":4},"o":{"a":0,"k":100,"ix":5},"r":1,"bm":0,"nm":"Fill 1","mn":"ADBE Vector Graphic - Fill","hd":false,"_render":true},{"ty":"tr","p":{"a":0,"k":[10.889,141.578],"ix":2},"a":{"a":0,"k":[0,0],"ix":1},"s":{"a":0,"k":[100,100],"ix":3},"r":{"a":0,"k":0,"ix":6},"o":{"a":0,"k":100,"ix":7},"sk":{"a":0,"k":0,"ix":4},"sa":{"a":0,"k":0,"ix":5},"nm":"Transform","_render":true}],"nm":"Group 4","np":2,"cix":2,"bm":0,"ix":4,"mn":"ADBE Vector Group","hd":false,"_render":true},{"ty":"gr","it":[{"ind":0,"ty":"sh","ix":1,"ks":{"a":0,"k":{"i":[[43.354,2.376],[-43.354,2.376],[-43.354,-2.376],[43.354,-2.376]],"o":[[43.354,2.376],[-43.354,2.376],[-43.354,-2.376],[43.354,-2.376]],"v":[[43.354,2.376],[-43.354,2.376],[-43.354,-2.376],[43.354,-2.376]],"c":true},"ix":2},"nm":"Path 1","mn":"ADBE Vector Shape - Group","hd":false,"_render":true},{"ty":"fl","c":{"a":0,"k":[0.957,0.8696,0.843,1],"ix":4},"o":{"a":0,"k":100,"ix":5},"r":1,"bm":0,"nm":"Fill 1","mn":"ADBE Vector Graphic - Fill","hd":false,"_render":true},{"ty":"tr","p":{"a":0,"k":[68.872,117.169],"ix":2},"a":{"a":0,"k":[0,0],"ix":1},"s":{"a":0,"k":[100,100],"ix":3},"r":{"a":0,"k":0,"ix":6},"o":{"a":0,"k":100,"ix":7},"sk":{"a":0,"k":0,"ix":4},"sa":{"a":0,"k":0,"ix":5},"nm":"Transform","_render":true}],"nm":"Group 5","np":2,"cix":2,"bm":0,"ix":5,"mn":"ADBE Vector Group","hd":false,"_render":true},{"ty":"gr","it":[{"ind":0,"ty":"sh","ix":1,"ks":{"a":0,"k":{"i":[[43.354,2.376],[-43.354,2.376],[-43.354,-2.376],[43.354,-2.376]],"o":[[43.354,2.376],[-43.354,2.376],[-43.354,-2.376],[43.354,-2.376]],"v":[[43.354,2.376],[-43.354,2.376],[-43.354,-2.376],[43.354,-2.376]],"c":true},"ix":2},"nm":"Path 1","mn":"ADBE Vector Shape - Group","hd":false,"_render":true},{"ty":"fl","c":{"a":0,"k":[0.957,0.8696,0.843,1],"ix":4},"o":{"a":0,"k":100,"ix":5},"r":1,"bm":0,"nm":"Fill 1","mn":"ADBE Vector Graphic - Fill","hd":false,"_render":true},{"ty":"tr","p":{"a":0,"k":[68.872,108.905],"ix":2},"a":{"a":0,"k":[0,0],"ix":1},"s":{"a":0,"k":[100,100],"ix":3},"r":{"a":0,"k":0,"ix":6},"o":{"a":0,"k":100,"ix":7},"sk":{"a":0,"k":0,"ix":4},"sa":{"a":0,"k":0,"ix":5},"nm":"Transform","_render":true}],"nm":"Group 6","np":2,"cix":2,"bm":0,"ix":6,"mn":"ADBE Vector Group","hd":false,"_render":true},{"ty":"gr","it":[{"ind":0,"ty":"sh","ix":1,"ks":{"a":0,"k":{"i":[[23.122,2.376],[-23.122,2.376],[-23.122,-2.376],[23.122,-2.376]],"o":[[23.122,2.376],[-23.122,2.376],[-23.122,-2.376],[23.122,-2.376]],"v":[[23.122,2.376],[-23.122,2.376],[-23.122,-2.376],[23.122,-2.376]],"c":true},"ix":2},"nm":"Path 1","mn":"ADBE Vector Shape - Group","hd":false,"_render":true},{"ty":"fl","c":{"a":0,"k":[0.957,0.8696,0.843,1],"ix":4},"o":{"a":0,"k":100,"ix":5},"r":1,"bm":0,"nm":"Fill 1","mn":"ADBE Vector Graphic - Fill","hd":false,"_render":true},{"ty":"tr","p":{"a":0,"k":[48.64,100.642],"ix":2},"a":{"a":0,"k":[0,0],"ix":1},"s":{"a":0,"k":[100,100],"ix":3},"r":{"a":0,"k":0,"ix":6},"o":{"a":0,"k":100,"ix":7},"sk":{"a":0,"k":0,"ix":4},"sa":{"a":0,"k":0,"ix":5},"nm":"Transform","_render":true}],"nm":"Group 7","np":2,"cix":2,"bm":0,"ix":7,"mn":"ADBE Vector Group","hd":false,"_render":true},{"ty":"gr","it":[{"ind":0,"ty":"sh","ix":1,"ks":{"a":0,"k":{"i":[[10.639,10.64],[-10.639,10.64],[-10.639,-10.64],[10.639,-10.64]],"o":[[10.639,10.64],[-10.639,10.64],[-10.639,-10.64],[10.639,-10.64]],"v":[[10.639,10.64],[-10.639,10.64],[-10.639,-10.64],[10.639,-10.64]],"c":true},"ix":2},"nm":"Path 1","mn":"ADBE Vector Shape - Group","hd":false,"_render":true},{"ty":"fl","c":{"a":0,"k":[0.957,0.8696,0.843,1],"ix":4},"o":{"a":0,"k":100,"ix":5},"r":1,"bm":0,"nm":"Fill 1","mn":"ADBE Vector Graphic - Fill","hd":false,"_render":true},{"ty":"tr","p":{"a":0,"k":[10.889,108.906],"ix":2},"a":{"a":0,"k":[0,0],"ix":1},"s":{"a":0,"k":[100,100],"ix":3},"r":{"a":0,"k":0,"ix":6},"o":{"a":0,"k":100,"ix":7},"sk":{"a":0,"k":0,"ix":4},"sa":{"a":0,"k":0,"ix":5},"nm":"Transform","_render":true}],"nm":"Group 8","np":2,"cix":2,"bm":0,"ix":8,"mn":"ADBE Vector Group","hd":false,"_render":true},{"ty":"gr","it":[{"ind":0,"ty":"sh","ix":1,"ks":{"a":0,"k":{"i":[[43.354,2.376],[-43.354,2.376],[-43.354,-2.376],[43.354,-2.376]],"o":[[43.354,2.376],[-43.354,2.376],[-43.354,-2.376],[43.354,-2.376]],"v":[[43.354,2.376],[-43.354,2.376],[-43.354,-2.376],[43.354,-2.376]],"c":true},"ix":2},"nm":"Path 1","mn":"ADBE Vector Shape - Group","hd":false,"_render":true},{"ty":"fl","c":{"a":0,"k":[0.957,0.8696,0.843,1],"ix":4},"o":{"a":0,"k":100,"ix":5},"r":1,"bm":0,"nm":"Fill 1","mn":"ADBE Vector Graphic - Fill","hd":false,"_render":true},{"ty":"tr","p":{"a":0,"k":[68.872,84.497],"ix":2},"a":{"a":0,"k":[0,0],"ix":1},"s":{"a":0,"k":[100,100],"ix":3},"r":{"a":0,"k":0,"ix":6},"o":{"a":0,"k":100,"ix":7},"sk":{"a":0,"k":0,"ix":4},"sa":{"a":0,"k":0,"ix":5},"nm":"Transform","_render":true}],"nm":"Group 9","np":2,"cix":2,"bm":0,"ix":9,"mn":"ADBE Vector Group","hd":false,"_render":true},{"ty":"gr","it":[{"ind":0,"ty":"sh","ix":1,"ks":{"a":0,"k":{"i":[[43.354,2.376],[-43.354,2.376],[-43.354,-2.376],[43.354,-2.376]],"o":[[43.354,2.376],[-43.354,2.376],[-43.354,-2.376],[43.354,-2.376]],"v":[[43.354,2.376],[-43.354,2.376],[-43.354,-2.376],[43.354,-2.376]],"c":true},"ix":2},"nm":"Path 1","mn":"ADBE Vector Shape - Group","hd":false,"_render":true},{"ty":"fl","c":{"a":0,"k":[0.957,0.8696,0.843,1],"ix":4},"o":{"a":0,"k":100,"ix":5},"r":1,"bm":0,"nm":"Fill 1","mn":"ADBE Vector Graphic - Fill","hd":false,"_render":true},{"ty":"tr","p":{"a":0,"k":[68.872,76.233],"ix":2},"a":{"a":0,"k":[0,0],"ix":1},"s":{"a":0,"k":[100,100],"ix":3},"r":{"a":0,"k":0,"ix":6},"o":{"a":0,"k":100,"ix":7},"sk":{"a":0,"k":0,"ix":4},"sa":{"a":0,"k":0,"ix":5},"nm":"Transform","_render":true}],"nm":"Group 10","np":2,"cix":2,"bm":0,"ix":10,"mn":"ADBE Vector Group","hd":false,"_render":true},{"ty":"gr","it":[{"ind":0,"ty":"sh","ix":1,"ks":{"a":0,"k":{"i":[[23.122,2.376],[-23.122,2.376],[-23.122,-2.376],[23.122,-2.376]],"o":[[23.122,2.376],[-23.122,2.376],[-23.122,-2.376],[23.122,-2.376]],"v":[[23.122,2.376],[-23.122,2.376],[-23.122,-2.376],[23.122,-2.376]],"c":true},"ix":2},"nm":"Path 1","mn":"ADBE Vector Shape - Group","hd":false,"_render":true},{"ty":"fl","c":{"a":0,"k":[0.957,0.8696,0.843,1],"ix":4},"o":{"a":0,"k":100,"ix":5},"r":1,"bm":0,"nm":"Fill 1","mn":"ADBE Vector Graphic - Fill","hd":false,"_render":true},{"ty":"tr","p":{"a":0,"k":[48.64,67.97],"ix":2},"a":{"a":0,"k":[0,0],"ix":1},"s":{"a":0,"k":[100,100],"ix":3},"r":{"a":0,"k":0,"ix":6},"o":{"a":0,"k":100,"ix":7},"sk":{"a":0,"k":0,"ix":4},"sa":{"a":0,"k":0,"ix":5},"nm":"Transform","_render":true}],"nm":"Group 11","np":2,"cix":2,"bm":0,"ix":11,"mn":"ADBE Vector Group","hd":false,"_render":true},{"ty":"gr","it":[{"ind":0,"ty":"sh","ix":1,"ks":{"a":0,"k":{"i":[[10.639,10.64],[-10.639,10.64],[-10.639,-10.639],[10.639,-10.639]],"o":[[10.639,10.64],[-10.639,10.64],[-10.639,-10.639],[10.639,-10.639]],"v":[[10.639,10.64],[-10.639,10.64],[-10.639,-10.639],[10.639,-10.639]],"c":true},"ix":2},"nm":"Path 1","mn":"ADBE Vector Shape - Group","hd":false,"_render":true},{"ty":"fl","c":{"a":0,"k":[0.957,0.8696,0.843,1],"ix":4},"o":{"a":0,"k":100,"ix":5},"r":1,"bm":0,"nm":"Fill 1","mn":"ADBE Vector Graphic - Fill","hd":false,"_render":true},{"ty":"tr","p":{"a":0,"k":[10.889,76.234],"ix":2},"a":{"a":0,"k":[0,0],"ix":1},"s":{"a":0,"k":[100,100],"ix":3},"r":{"a":0,"k":0,"ix":6},"o":{"a":0,"k":100,"ix":7},"sk":{"a":0,"k":0,"ix":4},"sa":{"a":0,"k":0,"ix":5},"nm":"Transform","_render":true}],"nm":"Group 12","np":2,"cix":2,"bm":0,"ix":12,"mn":"ADBE Vector Group","hd":false,"_render":true},{"ty":"gr","it":[{"ind":0,"ty":"sh","ix":1,"ks":{"a":0,"k":{"i":[[43.354,2.376],[-43.354,2.376],[-43.354,-2.376],[43.354,-2.376]],"o":[[43.354,2.376],[-43.354,2.376],[-43.354,-2.376],[43.354,-2.376]],"v":[[43.354,2.376],[-43.354,2.376],[-43.354,-2.376],[43.354,-2.376]],"c":true},"ix":2},"nm":"Path 1","mn":"ADBE Vector Shape - Group","hd":false,"_render":true},{"ty":"fl","c":{"a":0,"k":[0.957,0.8696,0.843,1],"ix":4},"o":{"a":0,"k":100,"ix":5},"r":1,"bm":0,"nm":"Fill 1","mn":"ADBE Vector Graphic - Fill","hd":false,"_render":true},{"ty":"tr","p":{"a":0,"k":[68.872,51.825],"ix":2},"a":{"a":0,"k":[0,0],"ix":1},"s":{"a":0,"k":[100,100],"ix":3},"r":{"a":0,"k":0,"ix":6},"o":{"a":0,"k":100,"ix":7},"sk":{"a":0,"k":0,"ix":4},"sa":{"a":0,"k":0,"ix":5},"nm":"Transform","_render":true}],"nm":"Group 13","np":2,"cix":2,"bm":0,"ix":13,"mn":"ADBE Vector Group","hd":false,"_render":true},{"ty":"gr","it":[{"ind":0,"ty":"sh","ix":1,"ks":{"a":0,"k":{"i":[[43.354,2.376],[-43.354,2.376],[-43.354,-2.376],[43.354,-2.376]],"o":[[43.354,2.376],[-43.354,2.376],[-43.354,-2.376],[43.354,-2.376]],"v":[[43.354,2.376],[-43.354,2.376],[-43.354,-2.376],[43.354,-2.376]],"c":true},"ix":2},"nm":"Path 1","mn":"ADBE Vector Shape - Group","hd":false,"_render":true},{"ty":"fl","c":{"a":0,"k":[0.957,0.8696,0.843,1],"ix":4},"o":{"a":0,"k":100,"ix":5},"r":1,"bm":0,"nm":"Fill 1","mn":"ADBE Vector Graphic - Fill","hd":false,"_render":true},{"ty":"tr","p":{"a":0,"k":[68.872,43.561],"ix":2},"a":{"a":0,"k":[0,0],"ix":1},"s":{"a":0,"k":[100,100],"ix":3},"r":{"a":0,"k":0,"ix":6},"o":{"a":0,"k":100,"ix":7},"sk":{"a":0,"k":0,"ix":4},"sa":{"a":0,"k":0,"ix":5},"nm":"Transform","_render":true}],"nm":"Group 14","np":2,"cix":2,"bm":0,"ix":14,"mn":"ADBE Vector Group","hd":false,"_render":true},{"ty":"gr","it":[{"ind":0,"ty":"sh","ix":1,"ks":{"a":0,"k":{"i":[[23.122,2.376],[-23.122,2.376],[-23.122,-2.376],[23.122,-2.376]],"o":[[23.122,2.376],[-23.122,2.376],[-23.122,-2.376],[23.122,-2.376]],"v":[[23.122,2.376],[-23.122,2.376],[-23.122,-2.376],[23.122,-2.376]],"c":true},"ix":2},"nm":"Path 1","mn":"ADBE Vector Shape - Group","hd":false,"_render":true},{"ty":"fl","c":{"a":0,"k":[0.957,0.8696,0.843,1],"ix":4},"o":{"a":0,"k":100,"ix":5},"r":1,"bm":0,"nm":"Fill 1","mn":"ADBE Vector Graphic - Fill","hd":false,"_render":true},{"ty":"tr","p":{"a":0,"k":[48.64,35.298],"ix":2},"a":{"a":0,"k":[0,0],"ix":1},"s":{"a":0,"k":[100,100],"ix":3},"r":{"a":0,"k":0,"ix":6},"o":{"a":0,"k":100,"ix":7},"sk":{"a":0,"k":0,"ix":4},"sa":{"a":0,"k":0,"ix":5},"nm":"Transform","_render":true}],"nm":"Group 15","np":2,"cix":2,"bm":0,"ix":15,"mn":"ADBE Vector Group","hd":false,"_render":true},{"ty":"gr","it":[{"ind":0,"ty":"sh","ix":1,"ks":{"a":0,"k":{"i":[[10.639,10.639],[-10.639,10.639],[-10.639,-10.639],[10.639,-10.639]],"o":[[10.639,10.639],[-10.639,10.639],[-10.639,-10.639],[10.639,-10.639]],"v":[[10.639,10.639],[-10.639,10.639],[-10.639,-10.639],[10.639,-10.639]],"c":true},"ix":2},"nm":"Path 1","mn":"ADBE Vector Shape - Group","hd":false,"_render":true},{"ty":"fl","c":{"a":0,"k":[0.957,0.8696,0.843,1],"ix":4},"o":{"a":0,"k":100,"ix":5},"r":1,"bm":0,"nm":"Fill 1","mn":"ADBE Vector Graphic - Fill","hd":false,"_render":true},{"ty":"tr","p":{"a":0,"k":[10.889,43.562],"ix":2},"a":{"a":0,"k":[0,0],"ix":1},"s":{"a":0,"k":[100,100],"ix":3},"r":{"a":0,"k":0,"ix":6},"o":{"a":0,"k":100,"ix":7},"sk":{"a":0,"k":0,"ix":4},"sa":{"a":0,"k":0,"ix":5},"nm":"Transform","_render":true}],"nm":"Group 16","np":2,"cix":2,"bm":0,"ix":16,"mn":"ADBE Vector Group","hd":false,"_render":true},{"ty":"gr","it":[{"ind":0,"ty":"sh","ix":1,"ks":{"a":0,"k":{"i":[[43.354,2.376],[-43.354,2.376],[-43.354,-2.376],[43.354,-2.376]],"o":[[43.354,2.376],[-43.354,2.376],[-43.354,-2.376],[43.354,-2.376]],"v":[[43.354,2.376],[-43.354,2.376],[-43.354,-2.376],[43.354,-2.376]],"c":true},"ix":2},"nm":"Path 1","mn":"ADBE Vector Shape - Group","hd":false,"_render":true},{"ty":"fl","c":{"a":0,"k":[0.957,0.8696,0.843,1],"ix":4},"o":{"a":0,"k":100,"ix":5},"r":1,"bm":0,"nm":"Fill 1","mn":"ADBE Vector Graphic - Fill","hd":false,"_render":true},{"ty":"tr","p":{"a":0,"k":[68.872,19.153],"ix":2},"a":{"a":0,"k":[0,0],"ix":1},"s":{"a":0,"k":[100,100],"ix":3},"r":{"a":0,"k":0,"ix":6},"o":{"a":0,"k":100,"ix":7},"sk":{"a":0,"k":0,"ix":4},"sa":{"a":0,"k":0,"ix":5},"nm":"Transform","_render":true}],"nm":"Group 17","np":2,"cix":2,"bm":0,"ix":17,"mn":"ADBE Vector Group","hd":false,"_render":true},{"ty":"gr","it":[{"ind":0,"ty":"sh","ix":1,"ks":{"a":0,"k":{"i":[[43.354,2.376],[-43.354,2.376],[-43.354,-2.376],[43.354,-2.376]],"o":[[43.354,2.376],[-43.354,2.376],[-43.354,-2.376],[43.354,-2.376]],"v":[[43.354,2.376],[-43.354,2.376],[-43.354,-2.376],[43.354,-2.376]],"c":true},"ix":2},"nm":"Path 1","mn":"ADBE Vector Shape - Group","hd":false,"_render":true},{"ty":"fl","c":{"a":0,"k":[0.957,0.8696,0.843,1],"ix":4},"o":{"a":0,"k":100,"ix":5},"r":1,"bm":0,"nm":"Fill 1","mn":"ADBE Vector Graphic - Fill","hd":false,"_render":true},{"ty":"tr","p":{"a":0,"k":[68.872,10.89],"ix":2},"a":{"a":0,"k":[0,0],"ix":1},"s":{"a":0,"k":[100,100],"ix":3},"r":{"a":0,"k":0,"ix":6},"o":{"a":0,"k":100,"ix":7},"sk":{"a":0,"k":0,"ix":4},"sa":{"a":0,"k":0,"ix":5},"nm":"Transform","_render":true}],"nm":"Group 18","np":2,"cix":2,"bm":0,"ix":18,"mn":"ADBE Vector Group","hd":false,"_render":true},{"ty":"gr","it":[{"ind":0,"ty":"sh","ix":1,"ks":{"a":0,"k":{"i":[[23.122,2.376],[-23.122,2.376],[-23.122,-2.376],[23.122,-2.376]],"o":[[23.122,2.376],[-23.122,2.376],[-23.122,-2.376],[23.122,-2.376]],"v":[[23.122,2.376],[-23.122,2.376],[-23.122,-2.376],[23.122,-2.376]],"c":true},"ix":2},"nm":"Path 1","mn":"ADBE Vector Shape - Group","hd":false,"_render":true},{"ty":"fl","c":{"a":0,"k":[0.957,0.8696,0.843,1],"ix":4},"o":{"a":0,"k":100,"ix":5},"r":1,"bm":0,"nm":"Fill 1","mn":"ADBE Vector Graphic - Fill","hd":false,"_render":true},{"ty":"tr","p":{"a":0,"k":[48.64,2.626],"ix":2},"a":{"a":0,"k":[0,0],"ix":1},"s":{"a":0,"k":[100,100],"ix":3},"r":{"a":0,"k":0,"ix":6},"o":{"a":0,"k":100,"ix":7},"sk":{"a":0,"k":0,"ix":4},"sa":{"a":0,"k":0,"ix":5},"nm":"Transform","_render":true}],"nm":"Group 19","np":2,"cix":2,"bm":0,"ix":19,"mn":"ADBE Vector Group","hd":false,"_render":true},{"ty":"gr","it":[{"ind":0,"ty":"sh","ix":1,"ks":{"a":0,"k":{"i":[[10.639,10.64],[-10.639,10.64],[-10.639,-10.64],[10.639,-10.64]],"o":[[10.639,10.64],[-10.639,10.64],[-10.639,-10.64],[10.639,-10.64]],"v":[[10.639,10.64],[-10.639,10.64],[-10.639,-10.64],[10.639,-10.64]],"c":true},"ix":2},"nm":"Path 1","mn":"ADBE Vector Shape - Group","hd":false,"_render":true},{"ty":"fl","c":{"a":0,"k":[0.957,0.8696,0.843,1],"ix":4},"o":{"a":0,"k":100,"ix":5},"r":1,"bm":0,"nm":"Fill 1","mn":"ADBE Vector Graphic - Fill","hd":false,"_render":true},{"ty":"tr","p":{"a":0,"k":[10.889,10.89],"ix":2},"a":{"a":0,"k":[0,0],"ix":1},"s":{"a":0,"k":[100,100],"ix":3},"r":{"a":0,"k":0,"ix":6},"o":{"a":0,"k":100,"ix":7},"sk":{"a":0,"k":0,"ix":4},"sa":{"a":0,"k":0,"ix":5},"nm":"Transform","_render":true}],"nm":"Group 20","np":2,"cix":2,"bm":0,"ix":20,"mn":"ADBE Vector Group","hd":false,"_render":true}],"ip":0,"op":181.000007372281,"st":0,"bm":0,"completed":true},{"ddd":0,"ind":10,"ty":4,"nm":"book left 2","parent":11,"sr":1,"ks":{"o":{"a":0,"k":100,"ix":11},"r":{"a":0,"k":0,"ix":10},"p":{"a":0,"k":[-48.147,124.537,0],"ix":2},"a":{"a":0,"k":[151.853,124.537,0],"ix":1},"s":{"a":0,"k":[-100,100,100],"ix":6}},"ao":0,"shapes":[{"ty":"gr","it":[{"ind":0,"ty":"sh","ix":1,"ks":{"a":0,"k":{"i":[[-61.236,-116.473],[-117.977,-100.881],[-117.977,128.036],[117.977,128.036],[117.977,-116.473]],"o":[[-97.29599999999999,-116.473],[-117.977,-73.695],[-117.977,128.036],[117.977,128.036],[117.977,-116.473]],"v":[[-61.236,-116.473],[-117.977,-73.695],[-117.977,128.036],[117.977,128.036],[117.977,-116.473]],"c":true},"ix":2},"nm":"Path 1","mn":"ADBE Vector Shape - Group","hd":false,"_render":true},{"ty":"fl","c":{"a":0,"k":[0.964,0.9272,0.916,1],"ix":4},"o":{"a":0,"k":100,"ix":5},"r":1,"bm":0,"nm":"Fill 1","mn":"ADBE Vector Graphic - Fill","hd":false,"_render":true},{"ty":"tr","p":{"a":0,"k":[169.968,116.723],"ix":2},"a":{"a":0,"k":[0,0],"ix":1},"s":{"a":0,"k":[100,100],"ix":3},"r":{"a":0,"k":0,"ix":6},"o":{"a":0,"k":100,"ix":7},"sk":{"a":0,"k":0,"ix":4},"sa":{"a":0,"k":0,"ix":5},"nm":"Transform","_render":true}],"nm":"Group 1","np":2,"cix":2,"bm":0,"ix":1,"mn":"ADBE Vector Group","hd":false,"_render":true},{"ty":"gr","it":[{"ind":0,"ty":"sh","ix":1,"ks":{"a":0,"k":{"i":[[-61.235,-107.076],[-117.976,-92.349],[-117.976,122.706],[117.976,122.706],[117.976,-107.076]],"o":[[-97.295,-107.076],[-117.976,-66.671],[-117.976,122.706],[117.976,122.706],[117.976,-107.076]],"v":[[-61.235,-107.076],[-117.976,-66.671],[-117.976,122.706],[117.976,122.706],[117.976,-107.076]],"c":true},"ix":2},"nm":"Path 1","mn":"ADBE Vector Shape - Group","hd":false,"_render":true},{"ty":"fl","c":{"a":0,"k":[0.957,0.8696,0.843,1],"ix":4},"o":{"a":0,"k":100,"ix":5},"r":1,"bm":0,"nm":"Fill 1","mn":"ADBE Vector Graphic - Fill","hd":false,"_render":true},{"ty":"tr","p":{"a":0,"k":[185.479,126.119],"ix":2},"a":{"a":0,"k":[0,0],"ix":1},"s":{"a":0,"k":[100,100],"ix":3},"r":{"a":0,"k":0,"ix":6},"o":{"a":0,"k":100,"ix":7},"sk":{"a":0,"k":0,"ix":4},"sa":{"a":0,"k":0,"ix":5},"nm":"Transform","_render":true}],"nm":"Group 3","np":2,"cix":2,"bm":0,"ix":2,"mn":"ADBE Vector Group","hd":false,"_render":true}],"ip":0,"op":181.000007372281,"st":0,"bm":0,"completed":true},{"ddd":0,"ind":11,"ty":4,"nm":"book right 2","sr":1,"ks":{"o":{"a":0,"k":100,"ix":11},"r":{"a":1,"k":[{"i":{"x":[0.16],"y":[1]},"o":{"x":[0.167],"y":[0]},"t":0,"s":[0]},{"t":20.0000008146167,"s":[0]}],"ix":10},"p":{"a":1,"k":[{"i":{"x":0.16,"y":1},"o":{"x":0.167,"y":0.167},"t":0,"s":[-262.907,191.342,0],"to":[0,0,0],"ti":[0,0,0]},{"i":{"x":0.41,"y":0.41},"o":{"x":0.84,"y":0.84},"t":20,"s":[27.093,191.342,0],"to":[0,0,0],"ti":[0,0,0]},{"i":{"x":0.16,"y":1},"o":{"x":0.59,"y":0},"t":63,"s":[27.093,191.342,0],"to":[0,0,0],"ti":[0,0,0]},{"t":83.0000033806593,"s":[27.093,444.342,0]}],"ix":2},"a":{"a":0,"k":[51.991,124.538,0],"ix":1},"s":{"a":0,"k":[100,100,100],"ix":6}},"ao":0,"shapes":[{"ty":"gr","it":[{"ind":0,"ty":"sh","ix":1,"ks":{"a":0,"k":{"i":[[-61.236,-116.473],[-117.977,-100.881],[-117.977,128.036],[117.977,128.036],[117.977,-116.473]],"o":[[-97.29599999999999,-116.473],[-117.977,-73.695],[-117.977,128.036],[117.977,128.036],[117.977,-116.473]],"v":[[-61.236,-116.473],[-117.977,-73.695],[-117.977,128.036],[117.977,128.036],[117.977,-116.473]],"c":true},"ix":2},"nm":"Path 1","mn":"ADBE Vector Shape - Group","hd":false,"_render":true},{"ty":"fl","c":{"a":0,"k":[0.964,0.9272,0.916,1],"ix":4},"o":{"a":0,"k":100,"ix":5},"r":1,"bm":0,"nm":"Fill 1","mn":"ADBE Vector Graphic - Fill","hd":false,"_render":true},{"ty":"tr","p":{"a":0,"k":[169.968,116.723],"ix":2},"a":{"a":0,"k":[0,0],"ix":1},"s":{"a":0,"k":[100,100],"ix":3},"r":{"a":0,"k":0,"ix":6},"o":{"a":0,"k":100,"ix":7},"sk":{"a":0,"k":0,"ix":4},"sa":{"a":0,"k":0,"ix":5},"nm":"Transform","_render":true}],"nm":"Group 1","np":2,"cix":2,"bm":0,"ix":1,"mn":"ADBE Vector Group","hd":false,"_render":true},{"ty":"gr","it":[{"ind":0,"ty":"sh","ix":1,"ks":{"a":0,"k":{"i":[[-61.235,-107.076],[-117.976,-92.349],[-117.976,122.706],[117.976,122.706],[117.976,-107.076]],"o":[[-97.295,-107.076],[-117.976,-66.671],[-117.976,122.706],[117.976,122.706],[117.976,-107.076]],"v":[[-61.235,-107.076],[-117.976,-66.671],[-117.976,122.706],[117.976,122.706],[117.976,-107.076]],"c":true},"ix":2},"nm":"Path 1","mn":"ADBE Vector Shape - Group","hd":false,"_render":true},{"ty":"fl","c":{"a":0,"k":[0.957,0.8696,0.843,1],"ix":4},"o":{"a":0,"k":100,"ix":5},"r":1,"bm":0,"nm":"Fill 1","mn":"ADBE Vector Graphic - Fill","hd":false,"_render":true},{"ty":"tr","p":{"a":0,"k":[185.479,126.119],"ix":2},"a":{"a":0,"k":[0,0],"ix":1},"s":{"a":0,"k":[100,100],"ix":3},"r":{"a":0,"k":0,"ix":6},"o":{"a":0,"k":100,"ix":7},"sk":{"a":0,"k":0,"ix":4},"sa":{"a":0,"k":0,"ix":5},"nm":"Transform","_render":true}],"nm":"Group 3","np":2,"cix":2,"bm":0,"ix":2,"mn":"ADBE Vector Group","hd":false,"_render":true}],"ip":0,"op":181.000007372281,"st":0,"bm":0,"completed":true},{"ddd":0,"ind":13,"ty":4,"nm":"circle","sr":1,"ks":{"o":{"a":1,"k":[{"i":{"x":[0.833],"y":[0.833]},"o":{"x":[1],"y":[0]},"t":121,"s":[100]},{"t":135.000005498663,"s":[0]}],"ix":11},"r":{"a":0,"k":0,"ix":10},"p":{"a":1,"k":[{"i":{"x":0.833,"y":0.833},"o":{"x":1,"y":0},"t":121,"s":[150,178.5,0],"to":[0,8.333,0],"ti":[0,-8.333,0]},{"t":135.000005498663,"s":[150,228.5,0]}],"ix":2},"a":{"a":0,"k":[129,166.5,0],"ix":1},"s":{"a":1,"k":[{"i":{"x":[0.27,0.27,0.27],"y":[1,1,1]},"o":{"x":[0.59,0.59,0.59],"y":[0,0,0]},"t":63,"s":[0,0,100]},{"i":{"x":[0.27,0.27,0.27],"y":[1,1,1]},"o":{"x":[0.73,0.73,0.73],"y":[0,0,0]},"t":79,"s":[105.945,105.945,100]},{"i":{"x":[0,0,0],"y":[1,1,1]},"o":{"x":[0.73,0.73,0.73],"y":[0,0,0]},"t":93,"s":[100,100,100]},{"i":{"x":[0.833,0.833,0.833],"y":[0.833,0.833,9.333]},"o":{"x":[1,1,1],"y":[0,0,0]},"t":121,"s":[100,100,100]},{"t":135.000005498663,"s":[50,50,100]}],"ix":6}},"ao":0,"shapes":[{"ty":"gr","it":[{"ind":0,"ty":"sh","ix":1,"ks":{"a":0,"k":{"i":[[128.413,-70.921],[70.92099999999999,128.414],[-128.413,70.921],[-70.92200000000001,-128.414]],"o":[[128.413,70.921],[-70.92200000000001,128.414],[-128.413,-70.921],[70.92099999999999,-128.414]],"v":[[128.413,0],[-0.001,128.414],[-128.413,0],[-0.001,-128.414]],"c":true},"ix":2},"nm":"Path 1","mn":"ADBE Vector Shape - Group","hd":false},{"ty":"fl","c":{"a":0,"k":[0.9504,0.9038,0.8896,1],"ix":4},"o":{"a":0,"k":100,"ix":5},"r":1,"bm":0,"nm":"Fill 1","mn":"ADBE Vector Graphic - Fill","hd":false},{"ty":"tr","p":{"a":0,"k":[129,138.329],"ix":2},"a":{"a":0,"k":[0,0],"ix":1},"s":{"a":0,"k":[100,100],"ix":3},"r":{"a":0,"k":0,"ix":6},"o":{"a":0,"k":100,"ix":7},"sk":{"a":0,"k":0,"ix":4},"sa":{"a":0,"k":0,"ix":5},"nm":"Transform"}],"nm":"Group 12","np":2,"cix":2,"bm":0,"ix":1,"mn":"ADBE Vector Group","hd":false}],"ip":63.0000025660426,"op":1007.00004101595,"st":107.000004358199,"bm":0,"completed":true},{"ddd":0,"ind":14,"ty":4,"nm":"Shape Layer 1","sr":1,"ks":{"o":{"a":0,"k":100,"ix":11},"r":{"a":0,"k":0,"ix":10},"p":{"a":0,"k":[150,150,0],"ix":2},"a":{"a":0,"k":[0,0,0],"ix":1},"s":{"a":0,"k":[100,100,100],"ix":6}},"ao":0,"shapes":[{"ty":"gr","it":[{"d":1,"ty":"el","s":{"a":0,"k":[300,300],"ix":2},"p":{"a":0,"k":[0,0],"ix":3},"nm":"Ellipse Path 1","mn":"ADBE Vector Shape - Ellipse","hd":false,"_render":true},{"ty":"st","c":{"a":0,"k":[0.2627,0.102,0,1],"ix":3},"o":{"a":0,"k":100,"ix":4},"w":{"a":0,"k":0,"ix":5},"lc":1,"lj":1,"ml":4,"bm":0,"nm":"Stroke 1","mn":"ADBE Vector Graphic - Stroke","hd":false,"_render":true},{"ty":"fl","c":{"a":0,"k":[0.957,0.8696,0.843,1],"ix":4},"o":{"a":0,"k":100,"ix":5},"r":1,"bm":0,"nm":"Fill 1","mn":"ADBE Vector Graphic - Fill","hd":false,"_render":true},{"ty":"tr","p":{"a":0,"k":[0,0],"ix":2},"a":{"a":0,"k":[0,0],"ix":1},"s":{"a":0,"k":[100,100],"ix":3},"r":{"a":0,"k":0,"ix":6},"o":{"a":0,"k":100,"ix":7},"sk":{"a":0,"k":0,"ix":4},"sa":{"a":0,"k":0,"ix":5},"nm":"Transform","_render":true}],"nm":"Ellipse 1","np":3,"cix":2,"bm":0,"ix":1,"mn":"ADBE Vector Group","hd":false,"_render":true}],"ip":0,"op":181.000007372281,"st":0,"bm":0,"completed":true}]}],"markers":[],"__complete":true}