{"v":"5.3.4","fr":29.9700012207031,"ip":480.000019550801,"op":796.000032421745,"w":570,"h":570,"nm":"Set 3","ddd":0,"assets":[],"layers":[{"ddd":0,"ind":1,"ty":4,"nm":"Shape Layer 21","sr":1,"ks":{"o":{"a":1,"k":[{"i":{"x":[0.667],"y":[1]},"o":{"x":[0.333],"y":[0]},"n":["0p667_1_0p333_0"],"t":705,"s":[100],"e":[0]},{"t":716.000029163278}],"ix":11},"r":{"a":0,"k":0,"ix":10},"p":{"a":0,"k":[284.438,284.737,0],"ix":2},"a":{"a":0,"k":[0.676,-165.621,0],"ix":1},"s":{"a":1,"k":[{"i":{"x":[0,0,0.667],"y":[1,1,1]},"o":{"x":[0.333,0.333,0.333],"y":[0,0,0]},"n":["0_1_0p333_0","0_1_0p333_0","0p667_1_0p333_0"],"t":701,"s":[219,219,100],"e":[465,465,100]},{"t":722.000029407663}],"ix":6}},"ao":0,"shapes":[{"ty":"gr","it":[{"d":1,"ty":"el","s":{"a":0,"k":[112.82,112.82],"ix":2},"p":{"a":0,"k":[0,0],"ix":3},"nm":"Ellipse Path 1","mn":"ADBE Vector Shape - Ellipse","hd":false},{"ty":"st","c":{"a":0,"k":[1,0.2353,0,1],"ix":3},"o":{"a":0,"k":100,"ix":4},"w":{"a":0,"k":9,"ix":5},"lc":2,"lj":1,"ml":4,"ml2":{"a":0,"k":4,"ix":8},"d":[{"n":"d","nm":"dash","v":{"a":0,"k":0,"ix":1}},{"n":"g","nm":"gap","v":{"a":0,"k":40,"ix":2}},{"n":"o","nm":"offset","v":{"a":0,"k":0,"ix":7}}],"nm":"Stroke 1","mn":"ADBE Vector Graphic - Stroke","hd":false},{"ty":"fl","c":{"a":0,"k":[1,0.2353,0,1],"ix":4},"o":{"a":0,"k":100,"ix":5},"r":1,"nm":"Fill 1","mn":"ADBE Vector Graphic - Fill","hd":true},{"ty":"tr","p":{"a":0,"k":[0.676,-165.621],"ix":2},"a":{"a":0,"k":[0,0],"ix":1},"s":{"a":0,"k":[100,100],"ix":3},"r":{"a":0,"k":0,"ix":6},"o":{"a":0,"k":100,"ix":7},"sk":{"a":0,"k":0,"ix":4},"sa":{"a":0,"k":0,"ix":5},"nm":"Transform"}],"nm":"Ellipse 1","np":3,"cix":2,"ix":1,"mn":"ADBE Vector Group","hd":false}],"ip":703.000028633777,"op":808.000032910515,"st":703.000028633777,"bm":0,"completed":true},{"ddd":0,"ind":2,"ty":4,"nm":"Shape Layer 20","sr":1,"ks":{"o":{"a":1,"k":[{"i":{"x":[0.667],"y":[1]},"o":{"x":[0.333],"y":[0]},"n":["0p667_1_0p333_0"],"t":600,"s":[100],"e":[0]},{"t":611.00002488654}],"ix":11},"r":{"a":0,"k":0,"ix":10},"p":{"a":0,"k":[284.438,284.737,0],"ix":2},"a":{"a":0,"k":[0.676,-165.621,0],"ix":1},"s":{"a":1,"k":[{"i":{"x":[0,0,0.667],"y":[1,1,1]},"o":{"x":[0.333,0.333,0.333],"y":[0,0,0]},"n":["0_1_0p333_0","0_1_0p333_0","0p667_1_0p333_0"],"t":596,"s":[219,219,100],"e":[465,465,100]},{"t":617.000025130925}],"ix":6}},"ao":0,"shapes":[{"ty":"gr","it":[{"d":1,"ty":"el","s":{"a":0,"k":[112.82,112.82],"ix":2},"p":{"a":0,"k":[0,0],"ix":3},"nm":"Ellipse Path 1","mn":"ADBE Vector Shape - Ellipse","hd":false},{"ty":"st","c":{"a":0,"k":[1,0.2353,0,1],"ix":3},"o":{"a":0,"k":100,"ix":4},"w":{"a":0,"k":9,"ix":5},"lc":2,"lj":1,"ml":4,"ml2":{"a":0,"k":4,"ix":8},"d":[{"n":"d","nm":"dash","v":{"a":0,"k":0,"ix":1}},{"n":"g","nm":"gap","v":{"a":0,"k":40,"ix":2}},{"n":"o","nm":"offset","v":{"a":0,"k":0,"ix":7}}],"nm":"Stroke 1","mn":"ADBE Vector Graphic - Stroke","hd":false},{"ty":"fl","c":{"a":0,"k":[1,1,1,1],"ix":4},"o":{"a":0,"k":100,"ix":5},"r":1,"nm":"Fill 1","mn":"ADBE Vector Graphic - Fill","hd":true},{"ty":"tr","p":{"a":0,"k":[0.676,-165.621],"ix":2},"a":{"a":0,"k":[0,0],"ix":1},"s":{"a":0,"k":[100,100],"ix":3},"r":{"a":0,"k":0,"ix":6},"o":{"a":0,"k":100,"ix":7},"sk":{"a":0,"k":0,"ix":4},"sa":{"a":0,"k":0,"ix":5},"nm":"Transform"}],"nm":"Ellipse 1","np":3,"cix":2,"ix":1,"mn":"ADBE Vector Group","hd":false}],"ip":598.000024357039,"op":703.000028633777,"st":598.000024357039,"bm":0,"completed":true},{"ddd":0,"ind":3,"ty":4,"nm":"Shape Layer 37","sr":1,"ks":{"o":{"a":0,"k":55,"ix":11},"r":{"a":0,"k":0,"ix":10},"p":{"a":1,"k":[{"i":{"x":0.833,"y":0.833},"o":{"x":0.167,"y":0.167},"n":"0p833_0p833_0p167_0p167","t":751,"s":[276,545.547,0],"e":[276,47.547,0],"to":[0,-83,0],"ti":[0,83,0]},{"t":768.000031281281}],"ix":2},"a":{"a":0,"k":[-9.172,674.027,0],"ix":1},"s":{"a":0,"k":[100,100,100],"ix":6}},"ao":0,"shapes":[{"ty":"gr","it":[{"ty":"rc","d":1,"s":{"a":0,"k":[256,296.43],"ix":2},"p":{"a":0,"k":[0,0],"ix":3},"r":{"a":0,"k":0,"ix":4},"nm":"Rectangle Path 1","mn":"ADBE Vector Shape - Rect","hd":false},{"ty":"st","c":{"a":0,"k":[1,1,1,1],"ix":3},"o":{"a":0,"k":100,"ix":4},"w":{"a":0,"k":0,"ix":5},"lc":1,"lj":1,"ml":4,"ml2":{"a":0,"k":4,"ix":8},"nm":"Stroke 1","mn":"ADBE Vector Graphic - Stroke","hd":true},{"ty":"gf","o":{"a":0,"k":100,"ix":10},"r":1,"g":{"p":3,"k":{"a":0,"k":[0,1,1,1,0.5,1,1,1,1,1,1,1,0,0.2627,0.102,0,null,null,null],"ix":9}},"s":{"a":0,"k":[7.086,78.133],"ix":5},"e":{"a":0,"k":[0.961,-143.109],"ix":6},"t":1,"nm":"Gradient Fill 1","mn":"ADBE Vector Graphic - G-Fill","hd":false},{"ty":"tr","p":{"a":0,"k":[-9.172,674.027],"ix":2},"a":{"a":0,"k":[0,0],"ix":1},"s":{"a":0,"k":[100,84.191],"ix":3},"r":{"a":0,"k":0,"ix":6},"o":{"a":0,"k":100,"ix":7},"sk":{"a":0,"k":0,"ix":4},"sa":{"a":0,"k":0,"ix":5},"nm":"Transform"}],"nm":"Rectangle 1","np":3,"cix":2,"ix":1,"mn":"ADBE Vector Group","hd":false}],"ip":747.000030425934,"op":768.000031281281,"st":252.00001026417,"bm":0,"completed":true},{"ddd":0,"ind":4,"ty":4,"nm":"Shape Layer 36","sr":1,"ks":{"o":{"a":0,"k":55,"ix":11},"r":{"a":0,"k":0,"ix":10},"p":{"a":1,"k":[{"i":{"x":0.833,"y":0.833},"o":{"x":0.167,"y":0.167},"n":"0p833_0p833_0p167_0p167","t":686,"s":[276,545.547,0],"e":[276,47.547,0],"to":[0,-83,0],"ti":[0,83,0]},{"t":703.000028633777}],"ix":2},"a":{"a":0,"k":[-9.172,674.027,0],"ix":1},"s":{"a":0,"k":[100,100,100],"ix":6}},"ao":0,"shapes":[{"ty":"gr","it":[{"ty":"rc","d":1,"s":{"a":0,"k":[256,296.43],"ix":2},"p":{"a":0,"k":[0,0],"ix":3},"r":{"a":0,"k":0,"ix":4},"nm":"Rectangle Path 1","mn":"ADBE Vector Shape - Rect","hd":false},{"ty":"st","c":{"a":0,"k":[1,1,1,1],"ix":3},"o":{"a":0,"k":100,"ix":4},"w":{"a":0,"k":0,"ix":5},"lc":1,"lj":1,"ml":4,"ml2":{"a":0,"k":4,"ix":8},"nm":"Stroke 1","mn":"ADBE Vector Graphic - Stroke","hd":true},{"ty":"gf","o":{"a":0,"k":100,"ix":10},"r":1,"g":{"p":3,"k":{"a":0,"k":[0,1,1,1,0.5,1,1,1,1,1,1,1,0,0.2627,0.102,0,null,null,null],"ix":9}},"s":{"a":0,"k":[7.086,78.133],"ix":5},"e":{"a":0,"k":[0.961,-143.109],"ix":6},"t":1,"nm":"Gradient Fill 1","mn":"ADBE Vector Graphic - G-Fill","hd":false},{"ty":"tr","p":{"a":0,"k":[-9.172,674.027],"ix":2},"a":{"a":0,"k":[0,0],"ix":1},"s":{"a":0,"k":[100,84.191],"ix":3},"r":{"a":0,"k":0,"ix":6},"o":{"a":0,"k":100,"ix":7},"sk":{"a":0,"k":0,"ix":4},"sa":{"a":0,"k":0,"ix":5},"nm":"Transform"}],"nm":"Rectangle 1","np":3,"cix":2,"ix":1,"mn":"ADBE Vector Group","hd":false}],"ip":682.00002777843,"op":703.000028633777,"st":187.000007616666,"bm":0,"completed":true},{"ddd":0,"ind":5,"ty":4,"nm":"Shape Layer 35","sr":1,"ks":{"o":{"a":0,"k":55,"ix":11},"r":{"a":0,"k":0,"ix":10},"p":{"a":1,"k":[{"i":{"x":0.833,"y":0.833},"o":{"x":0.167,"y":0.167},"n":"0p833_0p833_0p167_0p167","t":647,"s":[276,545.547,0],"e":[276,47.547,0],"to":[0,-83,0],"ti":[0,83,0]},{"t":664.000027045274}],"ix":2},"a":{"a":0,"k":[-9.172,674.027,0],"ix":1},"s":{"a":0,"k":[100,100,100],"ix":6}},"ao":0,"shapes":[{"ty":"gr","it":[{"ty":"rc","d":1,"s":{"a":0,"k":[256,296.43],"ix":2},"p":{"a":0,"k":[0,0],"ix":3},"r":{"a":0,"k":0,"ix":4},"nm":"Rectangle Path 1","mn":"ADBE Vector Shape - Rect","hd":false},{"ty":"st","c":{"a":0,"k":[1,1,1,1],"ix":3},"o":{"a":0,"k":100,"ix":4},"w":{"a":0,"k":0,"ix":5},"lc":1,"lj":1,"ml":4,"ml2":{"a":0,"k":4,"ix":8},"nm":"Stroke 1","mn":"ADBE Vector Graphic - Stroke","hd":true},{"ty":"gf","o":{"a":0,"k":100,"ix":10},"r":1,"g":{"p":3,"k":{"a":0,"k":[0,1,1,1,0.5,1,1,1,1,1,1,1,0,0.2627,0.102,0,null,null,null],"ix":9}},"s":{"a":0,"k":[7.086,78.133],"ix":5},"e":{"a":0,"k":[0.961,-143.109],"ix":6},"t":1,"nm":"Gradient Fill 1","mn":"ADBE Vector Graphic - G-Fill","hd":false},{"ty":"tr","p":{"a":0,"k":[-9.172,674.027],"ix":2},"a":{"a":0,"k":[0,0],"ix":1},"s":{"a":0,"k":[100,84.191],"ix":3},"r":{"a":0,"k":0,"ix":6},"o":{"a":0,"k":100,"ix":7},"sk":{"a":0,"k":0,"ix":4},"sa":{"a":0,"k":0,"ix":5},"nm":"Transform"}],"nm":"Rectangle 1","np":3,"cix":2,"ix":1,"mn":"ADBE Vector Group","hd":false}],"ip":643.000026189927,"op":664.000027045274,"st":148.000006028164,"bm":0,"completed":true},{"ddd":0,"ind":6,"ty":4,"nm":"Shape Layer 34","sr":1,"ks":{"o":{"a":0,"k":55,"ix":11},"r":{"a":0,"k":0,"ix":10},"p":{"a":1,"k":[{"i":{"x":0.833,"y":0.833},"o":{"x":0.167,"y":0.167},"n":"0p833_0p833_0p167_0p167","t":582,"s":[276,545.547,0],"e":[276,47.547,0],"to":[0,-83,0],"ti":[0,83,0]},{"t":599.00002439777}],"ix":2},"a":{"a":0,"k":[-9.172,674.027,0],"ix":1},"s":{"a":0,"k":[100,100,100],"ix":6}},"ao":0,"shapes":[{"ty":"gr","it":[{"ty":"rc","d":1,"s":{"a":0,"k":[256,296.43],"ix":2},"p":{"a":0,"k":[0,0],"ix":3},"r":{"a":0,"k":0,"ix":4},"nm":"Rectangle Path 1","mn":"ADBE Vector Shape - Rect","hd":false},{"ty":"st","c":{"a":0,"k":[1,1,1,1],"ix":3},"o":{"a":0,"k":100,"ix":4},"w":{"a":0,"k":0,"ix":5},"lc":1,"lj":1,"ml":4,"ml2":{"a":0,"k":4,"ix":8},"nm":"Stroke 1","mn":"ADBE Vector Graphic - Stroke","hd":true},{"ty":"gf","o":{"a":0,"k":100,"ix":10},"r":1,"g":{"p":3,"k":{"a":0,"k":[0,1,1,1,0.5,1,1,1,1,1,1,1,0,0.2627,0.102,0,null,null,null],"ix":9}},"s":{"a":0,"k":[7.086,78.133],"ix":5},"e":{"a":0,"k":[0.961,-143.109],"ix":6},"t":1,"nm":"Gradient Fill 1","mn":"ADBE Vector Graphic - G-Fill","hd":false},{"ty":"tr","p":{"a":0,"k":[-9.172,674.027],"ix":2},"a":{"a":0,"k":[0,0],"ix":1},"s":{"a":0,"k":[100,84.191],"ix":3},"r":{"a":0,"k":0,"ix":6},"o":{"a":0,"k":100,"ix":7},"sk":{"a":0,"k":0,"ix":4},"sa":{"a":0,"k":0,"ix":5},"nm":"Transform"}],"nm":"Rectangle 1","np":3,"cix":2,"ix":1,"mn":"ADBE Vector Group","hd":false}],"ip":578.000023542423,"op":599.00002439777,"st":83.0000033806593,"bm":0,"completed":true},{"ddd":0,"ind":7,"ty":4,"nm":"Shape Layer 33","sr":1,"ks":{"o":{"a":0,"k":55,"ix":11},"r":{"a":0,"k":0,"ix":10},"p":{"a":1,"k":[{"i":{"x":0.833,"y":0.833},"o":{"x":0.167,"y":0.167},"n":"0p833_0p833_0p167_0p167","t":537,"s":[276,545.547,0],"e":[276,47.547,0],"to":[0,-83,0],"ti":[0,83,0]},{"t":554.000022564883}],"ix":2},"a":{"a":0,"k":[-9.172,674.027,0],"ix":1},"s":{"a":0,"k":[100,100,100],"ix":6}},"ao":0,"shapes":[{"ty":"gr","it":[{"ty":"rc","d":1,"s":{"a":0,"k":[256,296.43],"ix":2},"p":{"a":0,"k":[0,0],"ix":3},"r":{"a":0,"k":0,"ix":4},"nm":"Rectangle Path 1","mn":"ADBE Vector Shape - Rect","hd":false},{"ty":"st","c":{"a":0,"k":[1,1,1,1],"ix":3},"o":{"a":0,"k":100,"ix":4},"w":{"a":0,"k":0,"ix":5},"lc":1,"lj":1,"ml":4,"ml2":{"a":0,"k":4,"ix":8},"nm":"Stroke 1","mn":"ADBE Vector Graphic - Stroke","hd":true},{"ty":"gf","o":{"a":0,"k":100,"ix":10},"r":1,"g":{"p":3,"k":{"a":0,"k":[0,1,1,1,0.5,1,1,1,1,1,1,1,0,0.2627,0.102,0,null,null,null],"ix":9}},"s":{"a":0,"k":[7.086,78.133],"ix":5},"e":{"a":0,"k":[0.961,-143.109],"ix":6},"t":1,"nm":"Gradient Fill 1","mn":"ADBE Vector Graphic - G-Fill","hd":false},{"ty":"tr","p":{"a":0,"k":[-9.172,674.027],"ix":2},"a":{"a":0,"k":[0,0],"ix":1},"s":{"a":0,"k":[100,84.191],"ix":3},"r":{"a":0,"k":0,"ix":6},"o":{"a":0,"k":100,"ix":7},"sk":{"a":0,"k":0,"ix":4},"sa":{"a":0,"k":0,"ix":5},"nm":"Transform"}],"nm":"Rectangle 1","np":3,"cix":2,"ix":1,"mn":"ADBE Vector Group","hd":false}],"ip":533.000021709535,"op":554.000022564883,"st":38.0000015477717,"bm":0,"completed":true},{"ddd":0,"ind":8,"ty":4,"nm":"Shape Layer 32","sr":1,"ks":{"o":{"a":0,"k":55,"ix":11},"r":{"a":0,"k":0,"ix":10},"p":{"a":1,"k":[{"i":{"x":0.833,"y":0.833},"o":{"x":0.167,"y":0.167},"n":"0p833_0p833_0p167_0p167","t":499,"s":[276,545.547,0],"e":[276,47.547,0],"to":[0,-83,0],"ti":[0,83,0]},{"t":516.000021017111}],"ix":2},"a":{"a":0,"k":[-9.172,674.027,0],"ix":1},"s":{"a":0,"k":[100,100,100],"ix":6}},"ao":0,"shapes":[{"ty":"gr","it":[{"ty":"rc","d":1,"s":{"a":0,"k":[256,296.43],"ix":2},"p":{"a":0,"k":[0,0],"ix":3},"r":{"a":0,"k":0,"ix":4},"nm":"Rectangle Path 1","mn":"ADBE Vector Shape - Rect","hd":false},{"ty":"st","c":{"a":0,"k":[1,1,1,1],"ix":3},"o":{"a":0,"k":100,"ix":4},"w":{"a":0,"k":0,"ix":5},"lc":1,"lj":1,"ml":4,"ml2":{"a":0,"k":4,"ix":8},"nm":"Stroke 1","mn":"ADBE Vector Graphic - Stroke","hd":true},{"ty":"gf","o":{"a":0,"k":100,"ix":10},"r":1,"g":{"p":3,"k":{"a":0,"k":[0,1,1,1,0.5,1,1,1,1,1,1,1,0,0.2627,0.102,0,null,null,null],"ix":9}},"s":{"a":0,"k":[7.086,78.133],"ix":5},"e":{"a":0,"k":[0.961,-143.109],"ix":6},"t":1,"nm":"Gradient Fill 1","mn":"ADBE Vector Graphic - G-Fill","hd":false},{"ty":"tr","p":{"a":0,"k":[-9.172,674.027],"ix":2},"a":{"a":0,"k":[0,0],"ix":1},"s":{"a":0,"k":[100,84.191],"ix":3},"r":{"a":0,"k":0,"ix":6},"o":{"a":0,"k":100,"ix":7},"sk":{"a":0,"k":0,"ix":4},"sa":{"a":0,"k":0,"ix":5},"nm":"Transform"}],"nm":"Rectangle 1","np":3,"cix":2,"ix":1,"mn":"ADBE Vector Group","hd":false}],"ip":495.000020161763,"op":516.000021017111,"st":0,"bm":0,"completed":true},{"ddd":0,"ind":9,"ty":4,"nm":"6 Outlines","sr":1,"ks":{"o":{"a":0,"k":100,"ix":11},"r":{"a":0,"k":0,"ix":10},"p":{"a":1,"k":[{"i":{"x":0.833,"y":0.833},"o":{"x":0.167,"y":0.167},"n":"0p833_0p833_0p167_0p167","t":484,"s":[1099,287,0],"e":[936,287,0],"to":[-27.1666660308838,0,0],"ti":[27.1666660308838,0,0]},{"i":{"x":0.833,"y":0.833},"o":{"x":0.167,"y":0.167},"n":"0p833_0p833_0p167_0p167","t":500,"s":[936,287,0],"e":[936,287,0],"to":[0,0,0],"ti":[0,0,0]},{"i":{"x":0.833,"y":0.833},"o":{"x":0.167,"y":0.167},"n":"0p833_0p833_0p167_0p167","t":521,"s":[936,287,0],"e":[804,287,0],"to":[-22,0,0],"ti":[22,0,0]},{"i":{"x":0.833,"y":0.833},"o":{"x":0.167,"y":0.167},"n":"0p833_0p833_0p167_0p167","t":538,"s":[804,287,0],"e":[804,287,0],"to":[0,0,0],"ti":[0,0,0]},{"i":{"x":0.833,"y":0.833},"o":{"x":0.167,"y":0.167},"n":"0p833_0p833_0p167_0p167","t":561,"s":[804,287,0],"e":[674,287,0],"to":[-21.6666660308838,0,0],"ti":[21.6666660308838,0,0]},{"i":{"x":0.833,"y":0.833},"o":{"x":0.167,"y":0.167},"n":"0p833_0p833_0p167_0p167","t":579,"s":[674,287,0],"e":[674,287,0],"to":[0,0,0],"ti":[0,0,0]},{"i":{"x":0.833,"y":0.833},"o":{"x":0.167,"y":0.167},"n":"0p833_0p833_0p167_0p167","t":621,"s":[674,287,0],"e":[546,287,0],"to":[-21.3333339691162,0,0],"ti":[21.3333339691162,0,0]},{"i":{"x":0.833,"y":0.833},"o":{"x":0.167,"y":0.167},"n":"0p833_0p833_0p167_0p167","t":640,"s":[546,287,0],"e":[546,287,0],"to":[0,0,0],"ti":[0,0,0]},{"i":{"x":0.833,"y":0.833},"o":{"x":0.167,"y":0.167},"n":"0p833_0p833_0p167_0p167","t":665,"s":[546,287,0],"e":[416,287,0],"to":[-21.6666660308838,0,0],"ti":[21.6666660308838,0,0]},{"i":{"x":0.833,"y":0.833},"o":{"x":0.167,"y":0.167},"n":"0p833_0p833_0p167_0p167","t":681,"s":[416,287,0],"e":[416,287,0],"to":[0,0,0],"ti":[0,0,0]},{"i":{"x":0.833,"y":0.833},"o":{"x":0.167,"y":0.167},"n":"0p833_0p833_0p167_0p167","t":729,"s":[416,287,0],"e":[291,287,0],"to":[-20.8333339691162,0,0],"ti":[20.8333339691162,0,0]},{"i":{"x":0.833,"y":0.833},"o":{"x":0.167,"y":0.167},"n":"0p833_0p833_0p167_0p167","t":747,"s":[291,287,0],"e":[291,287,0],"to":[0,0,0],"ti":[0,0,0]},{"i":{"x":0.833,"y":0.833},"o":{"x":0.167,"y":0.167},"n":"0p833_0p833_0p167_0p167","t":765,"s":[291,287,0],"e":[89,287,0],"to":[-33.6666679382324,0,0],"ti":[33.6666679382324,0,0]},{"t":792.000032258821}],"ix":2},"a":{"a":0,"k":[200,200,0],"ix":1},"s":{"a":0,"k":[25,25,100],"ix":6}},"ao":0,"shapes":[{"ty":"gr","it":[{"ind":0,"ty":"sh","ix":1,"ks":{"a":0,"k":{"i":[[94.829,259.296],[195.673,259.296]],"o":[[94.829,259.296],[195.673,259.296]],"v":[[94.829,259.296],[195.673,259.296]],"c":false},"ix":2},"nm":"Path 1","mn":"ADBE Vector Shape - Group","hd":false},{"ty":"st","c":{"a":0,"k":[1,1,1,1],"ix":3},"o":{"a":0,"k":100,"ix":4},"w":{"a":0,"k":20.169,"ix":5},"lc":2,"lj":1,"ml":10,"ml2":{"a":0,"k":10,"ix":8},"nm":"Stroke 1","mn":"ADBE Vector Graphic - Stroke","hd":false},{"ty":"tr","p":{"a":0,"k":[0,0],"ix":2},"a":{"a":0,"k":[0,0],"ix":1},"s":{"a":0,"k":[100,100],"ix":3},"r":{"a":0,"k":0,"ix":6},"o":{"a":0,"k":100,"ix":7},"sk":{"a":0,"k":0,"ix":4},"sa":{"a":0,"k":0,"ix":5},"nm":"Transform"}],"nm":"Group 1","np":2,"cix":2,"ix":1,"mn":"ADBE Vector Group","hd":false},{"ty":"gr","it":[{"ind":0,"ty":"sh","ix":1,"ks":{"a":0,"k":{"i":[[249.178,158.452],[249.178,351.245]],"o":[[249.178,158.452],[249.178,351.245]],"v":[[249.178,158.452],[249.178,351.245]],"c":false},"ix":2},"nm":"Path 1","mn":"ADBE Vector Shape - Group","hd":false},{"ty":"st","c":{"a":0,"k":[1,1,1,1],"ix":3},"o":{"a":0,"k":100,"ix":4},"w":{"a":0,"k":20.169,"ix":5},"lc":2,"lj":1,"ml":10,"ml2":{"a":0,"k":10,"ix":8},"nm":"Stroke 1","mn":"ADBE Vector Graphic - Stroke","hd":false},{"ty":"tr","p":{"a":0,"k":[0,0],"ix":2},"a":{"a":0,"k":[0,0],"ix":1},"s":{"a":0,"k":[100,100],"ix":3},"r":{"a":0,"k":0,"ix":6},"o":{"a":0,"k":100,"ix":7},"sk":{"a":0,"k":0,"ix":4},"sa":{"a":0,"k":0,"ix":5},"nm":"Transform"}],"nm":"Group 2","np":2,"cix":2,"ix":2,"mn":"ADBE Vector Group","hd":false},{"ty":"gr","it":[{"ind":0,"ty":"sh","ix":1,"ks":{"a":0,"k":{"i":[[-150.458,-45.203],[-184.876,20.628],[-171.081,51.456],[-92.433,51.456],[-30.807,51.456],[30.818,51.456],[92.443,51.456],[154.069,51.456],[184.876,37.650999999999996],[153.132,-36.007],[137.693,-51.456],[-128.868,-51.456]],"o":[[-155.682,-35.22],[-184.876,37.650999999999996],[-154.058,51.456],[-92.433,51.456],[-30.807,51.456],[30.818,51.456],[92.443,51.456],[171.09199999999998,51.456],[184.876,20.628],[147.776,-45.547],[126.741,-51.456],[-140.132,-51.456]],"v":[[-155.682,-35.22],[-184.876,20.628],[-154.058,51.456],[-92.433,51.456],[-30.807,51.456],[30.818,51.456],[92.443,51.456],[154.069,51.456],[184.876,20.628],[153.132,-36.007],[126.741,-51.456],[-128.868,-51.456]],"c":true},"ix":2},"nm":"Path 1","mn":"ADBE Vector Shape - Group","hd":false},{"ty":"st","c":{"a":0,"k":[1,1,1,1],"ix":3},"o":{"a":0,"k":100,"ix":4},"w":{"a":0,"k":20.169,"ix":5},"lc":2,"lj":1,"ml":10,"ml2":{"a":0,"k":10,"ix":8},"nm":"Stroke 1","mn":"ADBE Vector Graphic - Stroke","hd":false},{"ty":"tr","p":{"a":0,"k":[199.026,98.988],"ix":2},"a":{"a":0,"k":[0,0],"ix":1},"s":{"a":0,"k":[100,100],"ix":3},"r":{"a":0,"k":0,"ix":6},"o":{"a":0,"k":100,"ix":7},"sk":{"a":0,"k":0,"ix":4},"sa":{"a":0,"k":0,"ix":5},"nm":"Transform"}],"nm":"Group 3","np":2,"cix":2,"ix":3,"mn":"ADBE Vector Group","hd":false},{"ty":"gr","it":[{"ind":0,"ty":"sh","ix":1,"ks":{"a":0,"k":{"i":[[137.682,-152.895],[-128.868,-152.895],[-150.468,-146.642],[-184.877,-80.811],[-171.081,-49.983],[-154.069,118.98],[-138.882,152.895],[120.367,152.895],[150.621,139.341],[150.621,-50.326],[152.88899999999998,-49.983],[184.877,-63.78900000000001],[153.132,-137.445]],"o":[[126.741,-152.895],[-140.132,-152.895],[-155.682,-136.658],[-184.877,-63.78900000000001],[-154.069,-49.983],[-154.069,137.70600000000002],[-120.145,152.895],[137.077,152.895],[150.621,122.642],[151.77,-50.195],[171.082,-49.983],[184.877,-80.811],[147.77700000000002,-146.98499999999999]],"v":[[126.741,-152.895],[-128.868,-152.895],[-155.682,-136.658],[-184.877,-80.811],[-154.069,-49.983],[-154.069,118.98],[-120.145,152.895],[120.367,152.895],[150.621,122.642],[150.621,-50.326],[154.069,-49.983],[184.877,-80.811],[153.132,-137.445]],"c":true},"ix":2},"nm":"Path 1","mn":"ADBE Vector Shape - Group","hd":false},{"ty":"st","c":{"a":0,"k":[1,1,1,1],"ix":3},"o":{"a":0,"k":100,"ix":4},"w":{"a":0,"k":20.169,"ix":5},"lc":2,"lj":1,"ml":10,"ml2":{"a":0,"k":10,"ix":8},"nm":"Stroke 1","mn":"ADBE Vector Graphic - Stroke","hd":false},{"ty":"tr","p":{"a":0,"k":[199.029,200.423],"ix":2},"a":{"a":0,"k":[0,0],"ix":1},"s":{"a":0,"k":[100,100],"ix":3},"r":{"a":0,"k":0,"ix":6},"o":{"a":0,"k":100,"ix":7},"sk":{"a":0,"k":0,"ix":4},"sa":{"a":0,"k":0,"ix":5},"nm":"Transform"}],"nm":"Group 4","np":2,"cix":2,"ix":4,"mn":"ADBE Vector Group","hd":false}],"ip":483.000019672993,"op":1918.00007812174,"st":0,"bm":0,"completed":true},{"ddd":0,"ind":10,"ty":4,"nm":"5 Outlines","sr":1,"ks":{"o":{"a":0,"k":100,"ix":11},"r":{"a":0,"k":0,"ix":10},"p":{"a":1,"k":[{"i":{"x":0.833,"y":0.833},"o":{"x":0.167,"y":0.167},"n":"0p833_0p833_0p167_0p167","t":484,"s":[969,287,0],"e":[806,287,0],"to":[-27.1666660308838,0,0],"ti":[27.1666660308838,0,0]},{"i":{"x":0.833,"y":0.833},"o":{"x":0.167,"y":0.167},"n":"0p833_0p833_0p167_0p167","t":500,"s":[806,287,0],"e":[806,287,0],"to":[0,0,0],"ti":[0,0,0]},{"i":{"x":0.833,"y":0.833},"o":{"x":0.167,"y":0.167},"n":"0p833_0p833_0p167_0p167","t":521,"s":[806,287,0],"e":[674,287,0],"to":[-22,0,0],"ti":[22,0,0]},{"i":{"x":0.833,"y":0.833},"o":{"x":0.167,"y":0.167},"n":"0p833_0p833_0p167_0p167","t":538,"s":[674,287,0],"e":[674,287,0],"to":[0,0,0],"ti":[0,0,0]},{"i":{"x":0.833,"y":0.833},"o":{"x":0.167,"y":0.167},"n":"0p833_0p833_0p167_0p167","t":561,"s":[674,287,0],"e":[544,287,0],"to":[-21.6666660308838,0,0],"ti":[21.6666660308838,0,0]},{"i":{"x":0.833,"y":0.833},"o":{"x":0.167,"y":0.167},"n":"0p833_0p833_0p167_0p167","t":579,"s":[544,287,0],"e":[544,287,0],"to":[0,0,0],"ti":[0,0,0]},{"i":{"x":0.833,"y":0.833},"o":{"x":0.167,"y":0.167},"n":"0p833_0p833_0p167_0p167","t":621,"s":[544,287,0],"e":[416,287,0],"to":[-21.3333339691162,0,0],"ti":[21.3333339691162,0,0]},{"i":{"x":0.833,"y":0.833},"o":{"x":0.167,"y":0.167},"n":"0p833_0p833_0p167_0p167","t":640,"s":[416,287,0],"e":[416,287,0],"to":[0,0,0],"ti":[0,0,0]},{"i":{"x":0.833,"y":0.833},"o":{"x":0.167,"y":0.167},"n":"0p833_0p833_0p167_0p167","t":665,"s":[416,287,0],"e":[286,287,0],"to":[-21.6666660308838,0,0],"ti":[21.6666660308838,0,0]},{"i":{"x":0.833,"y":0.833},"o":{"x":0.167,"y":0.167},"n":"0p833_0p833_0p167_0p167","t":681,"s":[286,287,0],"e":[286,287,0],"to":[0,0,0],"ti":[0,0,0]},{"i":{"x":0.833,"y":0.833},"o":{"x":0.167,"y":0.167},"n":"0p833_0p833_0p167_0p167","t":721,"s":[286,287,0],"e":[286,80,0],"to":[0,-34.5,0],"ti":[0,34.5,0]},{"t":730.00002973351}],"ix":2},"a":{"a":0,"k":[200,200,0],"ix":1},"s":{"a":1,"k":[{"i":{"x":[0.833,0.833,0.833],"y":[0.833,0.833,0.833]},"o":{"x":[0.167,0.167,0.167],"y":[0.167,0.167,0.167]},"n":["0p833_0p833_0p167_0p167","0p833_0p833_0p167_0p167","0p833_0p833_0p167_0p167"],"t":702,"s":[25,25,100],"e":[30,30,100]},{"i":{"x":[0.833,0.833,0.833],"y":[0.833,0.833,0.833]},"o":{"x":[0.167,0.167,0.167],"y":[0.167,0.167,0.167]},"n":["0p833_0p833_0p167_0p167","0p833_0p833_0p167_0p167","0p833_0p833_0p167_0p167"],"t":708,"s":[30,30,100],"e":[25,25,100]},{"t":717.000029204009}],"ix":6}},"ao":0,"shapes":[{"ty":"gr","it":[{"ind":0,"ty":"sh","ix":1,"ks":{"a":0,"k":{"i":[[104.914,207.189],[104.914,272.556]],"o":[[104.914,207.189],[104.914,272.556]],"v":[[104.914,207.189],[104.914,272.556]],"c":false},"ix":2},"nm":"Path 1","mn":"ADBE Vector Shape - Group","hd":false},{"ty":"st","c":{"a":0,"k":[1,1,1,1],"ix":3},"o":{"a":0,"k":100,"ix":4},"w":{"a":0,"k":20.169,"ix":5},"lc":2,"lj":1,"ml":10,"ml2":{"a":0,"k":10,"ix":8},"nm":"Stroke 1","mn":"ADBE Vector Graphic - Stroke","hd":false},{"ty":"tr","p":{"a":0,"k":[0,0],"ix":2},"a":{"a":0,"k":[0,0],"ix":1},"s":{"a":0,"k":[100,100],"ix":3},"r":{"a":0,"k":0,"ix":6},"o":{"a":0,"k":100,"ix":7},"sk":{"a":0,"k":0,"ix":4},"sa":{"a":0,"k":0,"ix":5},"nm":"Transform"}],"nm":"Group 1","np":2,"cix":2,"ix":1,"mn":"ADBE Vector Group","hd":false},{"ty":"gr","it":[{"ind":0,"ty":"sh","ix":1,"ks":{"a":0,"k":{"i":[[158.418,148.406],[158.418,351.283]],"o":[[158.418,148.406],[158.418,351.283]],"v":[[158.418,148.406],[158.418,351.283]],"c":false},"ix":2},"nm":"Path 1","mn":"ADBE Vector Shape - Group","hd":false},{"ty":"st","c":{"a":0,"k":[1,1,1,1],"ix":3},"o":{"a":0,"k":100,"ix":4},"w":{"a":0,"k":20.169,"ix":5},"lc":2,"lj":1,"ml":10,"ml2":{"a":0,"k":10,"ix":8},"nm":"Stroke 1","mn":"ADBE Vector Graphic - Stroke","hd":false},{"ty":"tr","p":{"a":0,"k":[0,0],"ix":2},"a":{"a":0,"k":[0,0],"ix":1},"s":{"a":0,"k":[100,100],"ix":3},"r":{"a":0,"k":0,"ix":6},"o":{"a":0,"k":100,"ix":7},"sk":{"a":0,"k":0,"ix":4},"sa":{"a":0,"k":0,"ix":5},"nm":"Transform"}],"nm":"Group 2","np":2,"cix":2,"ix":2,"mn":"ADBE Vector Group","hd":false},{"ty":"gr","it":[{"ind":0,"ty":"sh","ix":1,"ks":{"a":0,"k":{"i":[[5.043,40.337],[-5.043,-40.337]],"o":[[5.043,40.337],[-5.043,-40.337]],"v":[[5.043,40.337],[-5.043,-40.337]],"c":false},"ix":2},"nm":"Path 1","mn":"ADBE Vector Shape - Group","hd":false},{"ty":"st","c":{"a":0,"k":[1,1,1,1],"ix":3},"o":{"a":0,"k":100,"ix":4},"w":{"a":0,"k":20.169,"ix":5},"lc":2,"lj":1,"ml":10,"ml2":{"a":0,"k":10,"ix":8},"nm":"Stroke 1","mn":"ADBE Vector Graphic - Stroke","hd":false},{"ty":"tr","p":{"a":0,"k":[261.221,87.899],"ix":2},"a":{"a":0,"k":[0,0],"ix":1},"s":{"a":0,"k":[100,100],"ix":3},"r":{"a":0,"k":0,"ix":6},"o":{"a":0,"k":100,"ix":7},"sk":{"a":0,"k":0,"ix":4},"sa":{"a":0,"k":0,"ix":5},"nm":"Transform"}],"nm":"Group 3","np":2,"cix":2,"ix":3,"mn":"ADBE Vector Group","hd":false},{"ty":"gr","it":[{"ind":0,"ty":"sh","ix":1,"ks":{"a":0,"k":{"i":[[195.673,128.237],[195.673,47.562]],"o":[[195.673,128.237],[195.673,47.562]],"v":[[195.673,128.237],[195.673,47.562]],"c":false},"ix":2},"nm":"Path 1","mn":"ADBE Vector Shape - Group","hd":false},{"ty":"st","c":{"a":0,"k":[1,1,1,1],"ix":3},"o":{"a":0,"k":100,"ix":4},"w":{"a":0,"k":20.169,"ix":5},"lc":2,"lj":1,"ml":10,"ml2":{"a":0,"k":10,"ix":8},"nm":"Stroke 1","mn":"ADBE Vector Graphic - Stroke","hd":false},{"ty":"tr","p":{"a":0,"k":[0,0],"ix":2},"a":{"a":0,"k":[0,0],"ix":1},"s":{"a":0,"k":[100,100],"ix":3},"r":{"a":0,"k":0,"ix":6},"o":{"a":0,"k":100,"ix":7},"sk":{"a":0,"k":0,"ix":4},"sa":{"a":0,"k":0,"ix":5},"nm":"Transform"}],"nm":"Group 4","np":2,"cix":2,"ix":4,"mn":"ADBE Vector Group","hd":false},{"ty":"gr","it":[{"ind":0,"ty":"sh","ix":1,"ks":{"a":0,"k":{"i":[[-5.042,40.337],[5.042,-40.337]],"o":[[-5.042,40.337],[5.042,-40.337]],"v":[[-5.042,40.337],[5.042,-40.337]],"c":false},"ix":2},"nm":"Path 1","mn":"ADBE Vector Shape - Group","hd":false},{"ty":"st","c":{"a":0,"k":[1,1,1,1],"ix":3},"o":{"a":0,"k":100,"ix":4},"w":{"a":0,"k":20.169,"ix":5},"lc":2,"lj":1,"ml":10,"ml2":{"a":0,"k":10,"ix":8},"nm":"Stroke 1","mn":"ADBE Vector Graphic - Stroke","hd":false},{"ty":"tr","p":{"a":0,"k":[140.208,87.899],"ix":2},"a":{"a":0,"k":[0,0],"ix":1},"s":{"a":0,"k":[100,100],"ix":3},"r":{"a":0,"k":0,"ix":6},"o":{"a":0,"k":100,"ix":7},"sk":{"a":0,"k":0,"ix":4},"sa":{"a":0,"k":0,"ix":5},"nm":"Transform"}],"nm":"Group 5","np":2,"cix":2,"ix":5,"mn":"ADBE Vector Group","hd":false},{"ty":"gr","it":[{"ind":0,"ty":"sh","ix":1,"ks":{"a":0,"k":{"i":[[7.564,37.816],[-7.564,-37.816]],"o":[[7.564,37.816],[-7.564,-37.816]],"v":[[7.564,37.816],[-7.564,-37.816]],"c":false},"ix":2},"nm":"Path 1","mn":"ADBE Vector Shape - Group","hd":false},{"ty":"st","c":{"a":0,"k":[1,1,1,1],"ix":3},"o":{"a":0,"k":100,"ix":4},"w":{"a":0,"k":20.169,"ix":5},"lc":2,"lj":1,"ml":10,"ml2":{"a":0,"k":10,"ix":8},"nm":"Stroke 1","mn":"ADBE Vector Graphic - Stroke","hd":false},{"ty":"tr","p":{"a":0,"k":[314.789,90.42],"ix":2},"a":{"a":0,"k":[0,0],"ix":1},"s":{"a":0,"k":[100,100],"ix":3},"r":{"a":0,"k":0,"ix":6},"o":{"a":0,"k":100,"ix":7},"sk":{"a":0,"k":0,"ix":4},"sa":{"a":0,"k":0,"ix":5},"nm":"Transform"}],"nm":"Group 6","np":2,"cix":2,"ix":6,"mn":"ADBE Vector Group","hd":false},{"ty":"gr","it":[{"ind":0,"ty":"sh","ix":1,"ks":{"a":0,"k":{"i":[[-7.563,37.816],[7.563,-37.816]],"o":[[-7.563,37.816],[7.563,-37.816]],"v":[[-7.563,37.816],[7.563,-37.816]],"c":false},"ix":2},"nm":"Path 1","mn":"ADBE Vector Shape - Group","hd":false},{"ty":"st","c":{"a":0,"k":[1,1,1,1],"ix":3},"o":{"a":0,"k":100,"ix":4},"w":{"a":0,"k":20.169,"ix":5},"lc":2,"lj":1,"ml":10,"ml2":{"a":0,"k":10,"ix":8},"nm":"Stroke 1","mn":"ADBE Vector Graphic - Stroke","hd":false},{"ty":"tr","p":{"a":0,"k":[86.64,90.42],"ix":2},"a":{"a":0,"k":[0,0],"ix":1},"s":{"a":0,"k":[100,100],"ix":3},"r":{"a":0,"k":0,"ix":6},"o":{"a":0,"k":100,"ix":7},"sk":{"a":0,"k":0,"ix":4},"sa":{"a":0,"k":0,"ix":5},"nm":"Transform"}],"nm":"Group 7","np":2,"cix":2,"ix":7,"mn":"ADBE Vector Group","hd":false},{"ty":"gr","it":[{"ind":0,"ty":"sh","ix":1,"ks":{"a":0,"k":{"i":[[-150.458,-45.204],[-184.876,20.628],[-171.081,51.456],[-123.251,37.650999999999996],[-109.45500000000001,51.456],[-61.625,37.650999999999996],[-47.82899999999999,51.456],[0.001,37.650999999999996],[13.796000000000003,51.456],[61.635,37.650999999999996],[75.422,51.456],[123.262,37.650999999999996],[137.047,51.456],[184.876,37.650999999999996],[153.132,-36.007],[137.693,-51.456],[-128.868,-51.456]],"o":[[-155.682,-35.22],[-184.876,37.650999999999996],[-137.036,51.456],[-123.251,37.650999999999996],[-75.421,51.456],[-61.625,37.650999999999996],[-13.785,51.456],[0.001,37.650999999999996],[47.841,51.456],[61.635,37.650999999999996],[109.456,51.456],[123.262,37.650999999999996],[171.09199999999998,51.456],[184.876,20.628],[147.776,-45.547],[126.741,-51.456],[-140.132,-51.456]],"v":[[-155.682,-35.22],[-184.876,20.628],[-154.058,51.456],[-123.251,20.628],[-92.433,51.456],[-61.625,20.628],[-30.807,51.456],[0.001,20.628],[30.818,51.456],[61.635,20.628],[92.443,51.456],[123.262,20.628],[154.069,51.456],[184.876,20.628],[153.132,-36.007],[126.741,-51.456],[-128.868,-51.456]],"c":true},"ix":2},"nm":"Path 1","mn":"ADBE Vector Shape - Group","hd":false},{"ty":"st","c":{"a":0,"k":[1,1,1,1],"ix":3},"o":{"a":0,"k":100,"ix":4},"w":{"a":0,"k":20.169,"ix":5},"lc":2,"lj":2,"nm":"Stroke 1","mn":"ADBE Vector Graphic - Stroke","hd":false},{"ty":"tr","p":{"a":0,"k":[199.026,99.027],"ix":2},"a":{"a":0,"k":[0,0],"ix":1},"s":{"a":0,"k":[100,100],"ix":3},"r":{"a":0,"k":0,"ix":6},"o":{"a":0,"k":100,"ix":7},"sk":{"a":0,"k":0,"ix":4},"sa":{"a":0,"k":0,"ix":5},"nm":"Transform"}],"nm":"Group 8","np":2,"cix":2,"ix":8,"mn":"ADBE Vector Group","hd":false},{"ty":"gr","it":[{"ind":0,"ty":"sh","ix":1,"ks":{"a":0,"k":{"i":[[137.682,-152.895],[-128.868,-152.895],[-150.468,-146.642],[-184.877,-80.811],[-171.081,-49.983],[-154.069,118.98],[-138.882,152.895],[120.367,152.895],[150.621,139.341],[150.621,-50.326],[152.88899999999998,-49.983],[184.877,-63.78800000000001],[153.132,-137.445]],"o":[[126.741,-152.895],[-140.132,-152.895],[-155.682,-136.658],[-184.877,-63.78800000000001],[-154.069,-49.983],[-154.069,137.707],[-120.145,152.895],[137.077,152.895],[150.621,122.642],[151.77,-50.195],[171.082,-49.983],[184.877,-80.811],[147.77700000000002,-146.98399999999998]],"v":[[126.741,-152.895],[-128.868,-152.895],[-155.682,-136.658],[-184.877,-80.811],[-154.069,-49.983],[-154.069,118.98],[-120.145,152.895],[120.367,152.895],[150.621,122.642],[150.621,-50.326],[154.069,-49.983],[184.877,-80.811],[153.132,-137.445]],"c":true},"ix":2},"nm":"Path 1","mn":"ADBE Vector Shape - Group","hd":false},{"ty":"st","c":{"a":0,"k":[1,1,1,1],"ix":3},"o":{"a":0,"k":100,"ix":4},"w":{"a":0,"k":20.169,"ix":5},"lc":2,"lj":1,"ml":10,"ml2":{"a":0,"k":10,"ix":8},"nm":"Stroke 1","mn":"ADBE Vector Graphic - Stroke","hd":false},{"ty":"tr","p":{"a":0,"k":[199.029,200.461],"ix":2},"a":{"a":0,"k":[0,0],"ix":1},"s":{"a":0,"k":[100,100],"ix":3},"r":{"a":0,"k":0,"ix":6},"o":{"a":0,"k":100,"ix":7},"sk":{"a":0,"k":0,"ix":4},"sa":{"a":0,"k":0,"ix":5},"nm":"Transform"}],"nm":"Group 9","np":2,"cix":2,"ix":9,"mn":"ADBE Vector Group","hd":false}],"ip":483.000019672993,"op":735.000029937164,"st":0,"bm":0,"completed":true},{"ddd":0,"ind":11,"ty":4,"nm":"4 Outlines","sr":1,"ks":{"o":{"a":0,"k":100,"ix":11},"r":{"a":0,"k":0,"ix":10},"p":{"a":1,"k":[{"i":{"x":0.833,"y":0.833},"o":{"x":0.167,"y":0.167},"n":"0p833_0p833_0p167_0p167","t":484,"s":[839,287,0],"e":[676,287,0],"to":[-27.1666660308838,0,0],"ti":[27.1666660308838,0,0]},{"i":{"x":0.833,"y":0.833},"o":{"x":0.167,"y":0.167},"n":"0p833_0p833_0p167_0p167","t":500,"s":[676,287,0],"e":[676,287,0],"to":[0,0,0],"ti":[0,0,0]},{"i":{"x":0.833,"y":0.833},"o":{"x":0.167,"y":0.167},"n":"0p833_0p833_0p167_0p167","t":521,"s":[676,287,0],"e":[544,287,0],"to":[-22,0,0],"ti":[22,0,0]},{"i":{"x":0.833,"y":0.833},"o":{"x":0.167,"y":0.167},"n":"0p833_0p833_0p167_0p167","t":538,"s":[544,287,0],"e":[544,287,0],"to":[0,0,0],"ti":[0,0,0]},{"i":{"x":0.833,"y":0.833},"o":{"x":0.167,"y":0.167},"n":"0p833_0p833_0p167_0p167","t":561,"s":[544,287,0],"e":[414,287,0],"to":[-21.6666660308838,0,0],"ti":[21.6666660308838,0,0]},{"i":{"x":0.833,"y":0.833},"o":{"x":0.167,"y":0.167},"n":"0p833_0p833_0p167_0p167","t":579,"s":[414,287,0],"e":[414,287,0],"to":[0,0,0],"ti":[0,0,0]},{"i":{"x":0.833,"y":0.833},"o":{"x":0.167,"y":0.167},"n":"0p833_0p833_0p167_0p167","t":621,"s":[414,287,0],"e":[286,287,0],"to":[-21.3333339691162,0,0],"ti":[21.3333339691162,0,0]},{"i":{"x":0.833,"y":0.833},"o":{"x":0.167,"y":0.167},"n":"0p833_0p833_0p167_0p167","t":640,"s":[286,287,0],"e":[286,287,0],"to":[0,0,0],"ti":[0,0,0]},{"i":{"x":0.833,"y":0.833},"o":{"x":0.167,"y":0.167},"n":"0p833_0p833_0p167_0p167","t":665,"s":[286,287,0],"e":[156,287,0],"to":[-21.6666660308838,0,0],"ti":[21.6666660308838,0,0]},{"i":{"x":0.833,"y":0.833},"o":{"x":0.167,"y":0.167},"n":"0p833_0p833_0p167_0p167","t":681,"s":[156,287,0],"e":[156,287,0],"to":[0,0,0],"ti":[0,0,0]},{"i":{"x":0.833,"y":0.833},"o":{"x":0.167,"y":0.167},"n":"0p833_0p833_0p167_0p167","t":765,"s":[156,287,0],"e":[-20,287,0],"to":[-29.3333339691162,0,0],"ti":[29.3333339691162,0,0]},{"t":792.000032258821}],"ix":2},"a":{"a":0,"k":[200,200,0],"ix":1},"s":{"a":0,"k":[25,25,100],"ix":6}},"ao":0,"shapes":[{"ty":"gr","it":[{"ind":0,"ty":"sh","ix":1,"ks":{"a":0,"k":{"i":[[44.407,258.923],[346.938,258.923]],"o":[[44.407,258.923],[346.938,258.923]],"v":[[44.407,258.923],[346.938,258.923]],"c":false},"ix":2},"nm":"Path 1","mn":"ADBE Vector Shape - Group","hd":false},{"ty":"st","c":{"a":0,"k":[1,1,1,1],"ix":3},"o":{"a":0,"k":100,"ix":4},"w":{"a":0,"k":20.169,"ix":5},"lc":2,"lj":1,"ml":10,"ml2":{"a":0,"k":10,"ix":8},"nm":"Stroke 1","mn":"ADBE Vector Graphic - Stroke","hd":false},{"ty":"tr","p":{"a":0,"k":[0,0],"ix":2},"a":{"a":0,"k":[0,0],"ix":1},"s":{"a":0,"k":[100,100],"ix":3},"r":{"a":0,"k":0,"ix":6},"o":{"a":0,"k":100,"ix":7},"sk":{"a":0,"k":0,"ix":4},"sa":{"a":0,"k":0,"ix":5},"nm":"Transform"}],"nm":"Group 1","np":2,"cix":2,"ix":1,"mn":"ADBE Vector Group","hd":false},{"ty":"gr","it":[{"ind":0,"ty":"sh","ix":1,"ks":{"a":0,"k":{"i":[[-150.458,-45.203],[-184.876,20.629],[-171.081,51.456],[-123.251,37.650999999999996],[-109.45500000000001,51.456],[-61.625,37.650999999999996],[-47.82899999999999,51.456],[0.001,37.650999999999996],[13.796000000000003,51.456],[61.635,37.650999999999996],[75.422,51.456],[123.262,37.650999999999996],[137.047,51.456],[184.876,37.650999999999996],[153.132,-36.007],[137.693,-51.456],[-128.868,-51.456]],"o":[[-155.682,-35.22],[-184.876,37.650999999999996],[-137.036,51.456],[-123.251,37.650999999999996],[-75.421,51.456],[-61.625,37.650999999999996],[-13.785,51.456],[0.001,37.650999999999996],[47.841,51.456],[61.635,37.650999999999996],[109.456,51.456],[123.262,37.650999999999996],[171.09199999999998,51.456],[184.876,20.629],[147.776,-45.546],[126.741,-51.456],[-140.132,-51.456]],"v":[[-155.682,-35.22],[-184.876,20.629],[-154.058,51.456],[-123.251,20.629],[-92.433,51.456],[-61.625,20.629],[-30.807,51.456],[0.001,20.629],[30.818,51.456],[61.635,20.629],[92.443,51.456],[123.262,20.629],[154.069,51.456],[184.876,20.629],[153.132,-36.007],[126.741,-51.456],[-128.868,-51.456]],"c":true},"ix":2},"nm":"Path 1","mn":"ADBE Vector Shape - Group","hd":false},{"ty":"st","c":{"a":0,"k":[1,1,1,1],"ix":3},"o":{"a":0,"k":100,"ix":4},"w":{"a":0,"k":20.169,"ix":5},"lc":2,"lj":1,"ml":10,"ml2":{"a":0,"k":10,"ix":8},"nm":"Stroke 1","mn":"ADBE Vector Graphic - Stroke","hd":false},{"ty":"tr","p":{"a":0,"k":[199.026,98.616],"ix":2},"a":{"a":0,"k":[0,0],"ix":1},"s":{"a":0,"k":[100,100],"ix":3},"r":{"a":0,"k":0,"ix":6},"o":{"a":0,"k":100,"ix":7},"sk":{"a":0,"k":0,"ix":4},"sa":{"a":0,"k":0,"ix":5},"nm":"Transform"}],"nm":"Group 2","np":2,"cix":2,"ix":2,"mn":"ADBE Vector Group","hd":false},{"ty":"gr","it":[{"ind":0,"ty":"sh","ix":1,"ks":{"a":0,"k":{"i":[[137.682,-152.894],[-128.868,-152.894],[-150.468,-146.642],[-184.877,-80.811],[-171.081,-49.983],[-154.069,118.981],[-138.882,152.894],[120.367,152.894],[150.621,139.341],[150.621,-50.326],[152.88899999999998,-49.983],[184.877,-63.78900000000001],[153.132,-137.445]],"o":[[126.741,-152.894],[-140.132,-152.894],[-155.682,-136.658],[-184.877,-63.78900000000001],[-154.069,-49.983],[-154.069,137.708],[-120.145,152.894],[137.077,152.894],[150.621,122.641],[151.77,-50.195],[171.082,-49.983],[184.877,-80.811],[147.77700000000002,-146.98399999999998]],"v":[[126.741,-152.894],[-128.868,-152.894],[-155.682,-136.658],[-184.877,-80.811],[-154.069,-49.983],[-154.069,118.981],[-120.145,152.894],[120.367,152.894],[150.621,122.641],[150.621,-50.326],[154.069,-49.983],[184.877,-80.811],[153.132,-137.445]],"c":true},"ix":2},"nm":"Path 1","mn":"ADBE Vector Shape - Group","hd":false},{"ty":"st","c":{"a":0,"k":[1,1,1,1],"ix":3},"o":{"a":0,"k":100,"ix":4},"w":{"a":0,"k":20.169,"ix":5},"lc":2,"lj":1,"ml":10,"ml2":{"a":0,"k":10,"ix":8},"nm":"Stroke 1","mn":"ADBE Vector Graphic - Stroke","hd":false},{"ty":"tr","p":{"a":0,"k":[199.029,200.05],"ix":2},"a":{"a":0,"k":[0,0],"ix":1},"s":{"a":0,"k":[100,100],"ix":3},"r":{"a":0,"k":0,"ix":6},"o":{"a":0,"k":100,"ix":7},"sk":{"a":0,"k":0,"ix":4},"sa":{"a":0,"k":0,"ix":5},"nm":"Transform"}],"nm":"Group 3","np":2,"cix":2,"ix":3,"mn":"ADBE Vector Group","hd":false}],"ip":483.000019672993,"op":1918.00007812174,"st":0,"bm":0,"completed":true},{"ddd":0,"ind":12,"ty":4,"nm":"3 Outlines","sr":1,"ks":{"o":{"a":0,"k":100,"ix":11},"r":{"a":0,"k":0,"ix":10},"p":{"a":1,"k":[{"i":{"x":0.833,"y":0.833},"o":{"x":0.167,"y":0.167},"n":"0p833_0p833_0p167_0p167","t":484,"s":[711,287,0],"e":[548,287,0],"to":[-27.1666660308838,0,0],"ti":[27.1666660308838,0,0]},{"i":{"x":0.833,"y":0.833},"o":{"x":0.167,"y":0.167},"n":"0p833_0p833_0p167_0p167","t":500,"s":[548,287,0],"e":[548,287,0],"to":[0,0,0],"ti":[0,0,0]},{"i":{"x":0.833,"y":0.833},"o":{"x":0.167,"y":0.167},"n":"0p833_0p833_0p167_0p167","t":521,"s":[548,287,0],"e":[416,287,0],"to":[-22,0,0],"ti":[22,0,0]},{"i":{"x":0.833,"y":0.833},"o":{"x":0.167,"y":0.167},"n":"0p833_0p833_0p167_0p167","t":538,"s":[416,287,0],"e":[416,287,0],"to":[0,0,0],"ti":[0,0,0]},{"i":{"x":0.833,"y":0.833},"o":{"x":0.167,"y":0.167},"n":"0p833_0p833_0p167_0p167","t":561,"s":[416,287,0],"e":[286,287,0],"to":[-21.6666660308838,0,0],"ti":[21.6666660308838,0,0]},{"i":{"x":0.833,"y":0.833},"o":{"x":0.167,"y":0.167},"n":"0p833_0p833_0p167_0p167","t":579,"s":[286,287,0],"e":[286,287,0],"to":[0,0,0],"ti":[0,0,0]},{"i":{"x":0.833,"y":0.833},"o":{"x":0.167,"y":0.167},"n":"0p833_0p833_0p167_0p167","t":610,"s":[286,287,0],"e":[286,80,0],"to":[0,-34.5,0],"ti":[0,34.5,0]},{"t":619.000025212387}],"ix":2},"a":{"a":0,"k":[200,200,0],"ix":1},"s":{"a":1,"k":[{"i":{"x":[0.833,0.833,0.833],"y":[0.833,0.833,0.833]},"o":{"x":[0.167,0.167,0.167],"y":[0.167,0.167,0.167]},"n":["0p833_0p833_0p167_0p167","0p833_0p833_0p167_0p167","0p833_0p833_0p167_0p167"],"t":591,"s":[25,25,100],"e":[30,30,100]},{"i":{"x":[0.833,0.833,0.833],"y":[0.833,0.833,0.833]},"o":{"x":[0.167,0.167,0.167],"y":[0.167,0.167,0.167]},"n":["0p833_0p833_0p167_0p167","0p833_0p833_0p167_0p167","0p833_0p833_0p167_0p167"],"t":597,"s":[30,30,100],"e":[25,25,100]},{"t":606.000024682886}],"ix":6}},"ao":0,"shapes":[{"ty":"gr","it":[{"ind":0,"ty":"sh","ix":1,"ks":{"a":0,"k":{"i":[[94.829,259.296],[195.673,259.296]],"o":[[94.829,259.296],[195.673,259.296]],"v":[[94.829,259.296],[195.673,259.296]],"c":false},"ix":2},"nm":"Path 1","mn":"ADBE Vector Shape - Group","hd":false},{"ty":"st","c":{"a":0,"k":[1,1,1,1],"ix":3},"o":{"a":0,"k":100,"ix":4},"w":{"a":0,"k":20.169,"ix":5},"lc":2,"lj":1,"ml":10,"ml2":{"a":0,"k":10,"ix":8},"nm":"Stroke 1","mn":"ADBE Vector Graphic - Stroke","hd":false},{"ty":"tr","p":{"a":0,"k":[0,0],"ix":2},"a":{"a":0,"k":[0,0],"ix":1},"s":{"a":0,"k":[100,100],"ix":3},"r":{"a":0,"k":0,"ix":6},"o":{"a":0,"k":100,"ix":7},"sk":{"a":0,"k":0,"ix":4},"sa":{"a":0,"k":0,"ix":5},"nm":"Transform"}],"nm":"Group 1","np":2,"cix":2,"ix":1,"mn":"ADBE Vector Group","hd":false},{"ty":"gr","it":[{"ind":0,"ty":"sh","ix":1,"ks":{"a":0,"k":{"i":[[249.178,158.452],[249.178,351.245]],"o":[[249.178,158.452],[249.178,351.245]],"v":[[249.178,158.452],[249.178,351.245]],"c":false},"ix":2},"nm":"Path 1","mn":"ADBE Vector Shape - Group","hd":false},{"ty":"st","c":{"a":0,"k":[1,1,1,1],"ix":3},"o":{"a":0,"k":100,"ix":4},"w":{"a":0,"k":20.169,"ix":5},"lc":2,"lj":1,"ml":10,"ml2":{"a":0,"k":10,"ix":8},"nm":"Stroke 1","mn":"ADBE Vector Graphic - Stroke","hd":false},{"ty":"tr","p":{"a":0,"k":[0,0],"ix":2},"a":{"a":0,"k":[0,0],"ix":1},"s":{"a":0,"k":[100,100],"ix":3},"r":{"a":0,"k":0,"ix":6},"o":{"a":0,"k":100,"ix":7},"sk":{"a":0,"k":0,"ix":4},"sa":{"a":0,"k":0,"ix":5},"nm":"Transform"}],"nm":"Group 2","np":2,"cix":2,"ix":2,"mn":"ADBE Vector Group","hd":false},{"ty":"gr","it":[{"ind":0,"ty":"sh","ix":1,"ks":{"a":0,"k":{"i":[[-150.458,-45.203],[-184.876,20.628],[-171.081,51.456],[-92.433,51.456],[-30.807,51.456],[30.818,51.456],[92.443,51.456],[154.069,51.456],[184.876,37.650999999999996],[153.132,-36.007],[137.693,-51.456],[-128.868,-51.456]],"o":[[-155.682,-35.22],[-184.876,37.650999999999996],[-154.058,51.456],[-92.433,51.456],[-30.807,51.456],[30.818,51.456],[92.443,51.456],[171.09199999999998,51.456],[184.876,20.628],[147.776,-45.547],[126.741,-51.456],[-140.132,-51.456]],"v":[[-155.682,-35.22],[-184.876,20.628],[-154.058,51.456],[-92.433,51.456],[-30.807,51.456],[30.818,51.456],[92.443,51.456],[154.069,51.456],[184.876,20.628],[153.132,-36.007],[126.741,-51.456],[-128.868,-51.456]],"c":true},"ix":2},"nm":"Path 1","mn":"ADBE Vector Shape - Group","hd":false},{"ty":"st","c":{"a":0,"k":[1,1,1,1],"ix":3},"o":{"a":0,"k":100,"ix":4},"w":{"a":0,"k":20.169,"ix":5},"lc":2,"lj":1,"ml":10,"ml2":{"a":0,"k":10,"ix":8},"nm":"Stroke 1","mn":"ADBE Vector Graphic - Stroke","hd":false},{"ty":"tr","p":{"a":0,"k":[199.026,98.988],"ix":2},"a":{"a":0,"k":[0,0],"ix":1},"s":{"a":0,"k":[100,100],"ix":3},"r":{"a":0,"k":0,"ix":6},"o":{"a":0,"k":100,"ix":7},"sk":{"a":0,"k":0,"ix":4},"sa":{"a":0,"k":0,"ix":5},"nm":"Transform"}],"nm":"Group 3","np":2,"cix":2,"ix":3,"mn":"ADBE Vector Group","hd":false},{"ty":"gr","it":[{"ind":0,"ty":"sh","ix":1,"ks":{"a":0,"k":{"i":[[137.682,-152.895],[-128.868,-152.895],[-150.468,-146.642],[-184.877,-80.811],[-171.081,-49.983],[-154.069,118.98],[-138.882,152.895],[120.367,152.895],[150.621,139.341],[150.621,-50.326],[152.88899999999998,-49.983],[184.877,-63.78900000000001],[153.132,-137.445]],"o":[[126.741,-152.895],[-140.132,-152.895],[-155.682,-136.658],[-184.877,-63.78900000000001],[-154.069,-49.983],[-154.069,137.70600000000002],[-120.145,152.895],[137.077,152.895],[150.621,122.642],[151.77,-50.195],[171.082,-49.983],[184.877,-80.811],[147.77700000000002,-146.98499999999999]],"v":[[126.741,-152.895],[-128.868,-152.895],[-155.682,-136.658],[-184.877,-80.811],[-154.069,-49.983],[-154.069,118.98],[-120.145,152.895],[120.367,152.895],[150.621,122.642],[150.621,-50.326],[154.069,-49.983],[184.877,-80.811],[153.132,-137.445]],"c":true},"ix":2},"nm":"Path 1","mn":"ADBE Vector Shape - Group","hd":false},{"ty":"st","c":{"a":0,"k":[1,1,1,1],"ix":3},"o":{"a":0,"k":100,"ix":4},"w":{"a":0,"k":20.169,"ix":5},"lc":2,"lj":1,"ml":10,"ml2":{"a":0,"k":10,"ix":8},"nm":"Stroke 1","mn":"ADBE Vector Graphic - Stroke","hd":false},{"ty":"tr","p":{"a":0,"k":[199.029,200.423],"ix":2},"a":{"a":0,"k":[0,0],"ix":1},"s":{"a":0,"k":[100,100],"ix":3},"r":{"a":0,"k":0,"ix":6},"o":{"a":0,"k":100,"ix":7},"sk":{"a":0,"k":0,"ix":4},"sa":{"a":0,"k":0,"ix":5},"nm":"Transform"}],"nm":"Group 4","np":2,"cix":2,"ix":4,"mn":"ADBE Vector Group","hd":false}],"ip":483.000019672993,"op":630.000025660426,"st":0,"bm":0,"completed":true},{"ddd":0,"ind":13,"ty":4,"nm":"2 Outlines","sr":1,"ks":{"o":{"a":0,"k":100,"ix":11},"r":{"a":0,"k":0,"ix":10},"p":{"a":1,"k":[{"i":{"x":0.833,"y":0.833},"o":{"x":0.167,"y":0.167},"n":"0p833_0p833_0p167_0p167","t":484,"s":[581,287,0],"e":[418,287,0],"to":[-27.1666660308838,0,0],"ti":[27.1666660308838,0,0]},{"i":{"x":0.833,"y":0.833},"o":{"x":0.167,"y":0.167},"n":"0p833_0p833_0p167_0p167","t":500,"s":[418,287,0],"e":[418,287,0],"to":[0,0,0],"ti":[0,0,0]},{"i":{"x":0.833,"y":0.833},"o":{"x":0.167,"y":0.167},"n":"0p833_0p833_0p167_0p167","t":521,"s":[418,287,0],"e":[286,287,0],"to":[-22,0,0],"ti":[22,0,0]},{"i":{"x":0.833,"y":0.833},"o":{"x":0.167,"y":0.167},"n":"0p833_0p833_0p167_0p167","t":538,"s":[286,287,0],"e":[286,287,0],"to":[0,0,0],"ti":[0,0,0]},{"i":{"x":0.833,"y":0.833},"o":{"x":0.167,"y":0.167},"n":"0p833_0p833_0p167_0p167","t":561,"s":[286,287,0],"e":[156,287,0],"to":[-21.6666660308838,0,0],"ti":[21.6666660308838,0,0]},{"i":{"x":0.833,"y":0.833},"o":{"x":0.167,"y":0.167},"n":"0p833_0p833_0p167_0p167","t":579,"s":[156,287,0],"e":[156,287,0],"to":[0,0,0],"ti":[0,0,0]},{"i":{"x":0.833,"y":0.833},"o":{"x":0.167,"y":0.167},"n":"0p833_0p833_0p167_0p167","t":665,"s":[156,287,0],"e":[28,287,0],"to":[-21.3333339691162,0,0],"ti":[21.3333339691162,0,0]},{"i":{"x":0.833,"y":0.833},"o":{"x":0.167,"y":0.167},"n":"0p833_0p833_0p167_0p167","t":684,"s":[28,287,0],"e":[28,287,0],"to":[0,0,0],"ti":[0,0,0]},{"i":{"x":0.833,"y":0.833},"o":{"x":0.167,"y":0.167},"n":"0p833_0p833_0p167_0p167","t":767,"s":[28,287,0],"e":[-102,287,0],"to":[-21.6666660308838,0,0],"ti":[21.6666660308838,0,0]},{"t":783.000031892244}],"ix":2},"a":{"a":0,"k":[200,200,0],"ix":1},"s":{"a":0,"k":[25,25,100],"ix":6}},"ao":0,"shapes":[{"ty":"gr","it":[{"ind":0,"ty":"sh","ix":1,"ks":{"a":0,"k":{"i":[[104.914,207.189],[104.914,272.556]],"o":[[104.914,207.189],[104.914,272.556]],"v":[[104.914,207.189],[104.914,272.556]],"c":false},"ix":2},"nm":"Path 1","mn":"ADBE Vector Shape - Group","hd":false},{"ty":"st","c":{"a":0,"k":[1,1,1,1],"ix":3},"o":{"a":0,"k":100,"ix":4},"w":{"a":0,"k":20.169,"ix":5},"lc":2,"lj":1,"ml":10,"ml2":{"a":0,"k":10,"ix":8},"nm":"Stroke 1","mn":"ADBE Vector Graphic - Stroke","hd":false},{"ty":"tr","p":{"a":0,"k":[0,0],"ix":2},"a":{"a":0,"k":[0,0],"ix":1},"s":{"a":0,"k":[100,100],"ix":3},"r":{"a":0,"k":0,"ix":6},"o":{"a":0,"k":100,"ix":7},"sk":{"a":0,"k":0,"ix":4},"sa":{"a":0,"k":0,"ix":5},"nm":"Transform"}],"nm":"Group 1","np":2,"cix":2,"ix":1,"mn":"ADBE Vector Group","hd":false},{"ty":"gr","it":[{"ind":0,"ty":"sh","ix":1,"ks":{"a":0,"k":{"i":[[158.418,148.406],[158.418,351.283]],"o":[[158.418,148.406],[158.418,351.283]],"v":[[158.418,148.406],[158.418,351.283]],"c":false},"ix":2},"nm":"Path 1","mn":"ADBE Vector Shape - Group","hd":false},{"ty":"st","c":{"a":0,"k":[1,1,1,1],"ix":3},"o":{"a":0,"k":100,"ix":4},"w":{"a":0,"k":20.169,"ix":5},"lc":2,"lj":1,"ml":10,"ml2":{"a":0,"k":10,"ix":8},"nm":"Stroke 1","mn":"ADBE Vector Graphic - Stroke","hd":false},{"ty":"tr","p":{"a":0,"k":[0,0],"ix":2},"a":{"a":0,"k":[0,0],"ix":1},"s":{"a":0,"k":[100,100],"ix":3},"r":{"a":0,"k":0,"ix":6},"o":{"a":0,"k":100,"ix":7},"sk":{"a":0,"k":0,"ix":4},"sa":{"a":0,"k":0,"ix":5},"nm":"Transform"}],"nm":"Group 2","np":2,"cix":2,"ix":2,"mn":"ADBE Vector Group","hd":false},{"ty":"gr","it":[{"ind":0,"ty":"sh","ix":1,"ks":{"a":0,"k":{"i":[[5.043,40.337],[-5.043,-40.337]],"o":[[5.043,40.337],[-5.043,-40.337]],"v":[[5.043,40.337],[-5.043,-40.337]],"c":false},"ix":2},"nm":"Path 1","mn":"ADBE Vector Shape - Group","hd":false},{"ty":"st","c":{"a":0,"k":[1,1,1,1],"ix":3},"o":{"a":0,"k":100,"ix":4},"w":{"a":0,"k":20.169,"ix":5},"lc":2,"lj":1,"ml":10,"ml2":{"a":0,"k":10,"ix":8},"nm":"Stroke 1","mn":"ADBE Vector Graphic - Stroke","hd":false},{"ty":"tr","p":{"a":0,"k":[261.221,87.899],"ix":2},"a":{"a":0,"k":[0,0],"ix":1},"s":{"a":0,"k":[100,100],"ix":3},"r":{"a":0,"k":0,"ix":6},"o":{"a":0,"k":100,"ix":7},"sk":{"a":0,"k":0,"ix":4},"sa":{"a":0,"k":0,"ix":5},"nm":"Transform"}],"nm":"Group 3","np":2,"cix":2,"ix":3,"mn":"ADBE Vector Group","hd":false},{"ty":"gr","it":[{"ind":0,"ty":"sh","ix":1,"ks":{"a":0,"k":{"i":[[195.673,128.237],[195.673,47.562]],"o":[[195.673,128.237],[195.673,47.562]],"v":[[195.673,128.237],[195.673,47.562]],"c":false},"ix":2},"nm":"Path 1","mn":"ADBE Vector Shape - Group","hd":false},{"ty":"st","c":{"a":0,"k":[1,1,1,1],"ix":3},"o":{"a":0,"k":100,"ix":4},"w":{"a":0,"k":20.169,"ix":5},"lc":2,"lj":1,"ml":10,"ml2":{"a":0,"k":10,"ix":8},"nm":"Stroke 1","mn":"ADBE Vector Graphic - Stroke","hd":false},{"ty":"tr","p":{"a":0,"k":[0,0],"ix":2},"a":{"a":0,"k":[0,0],"ix":1},"s":{"a":0,"k":[100,100],"ix":3},"r":{"a":0,"k":0,"ix":6},"o":{"a":0,"k":100,"ix":7},"sk":{"a":0,"k":0,"ix":4},"sa":{"a":0,"k":0,"ix":5},"nm":"Transform"}],"nm":"Group 4","np":2,"cix":2,"ix":4,"mn":"ADBE Vector Group","hd":false},{"ty":"gr","it":[{"ind":0,"ty":"sh","ix":1,"ks":{"a":0,"k":{"i":[[-5.042,40.337],[5.042,-40.337]],"o":[[-5.042,40.337],[5.042,-40.337]],"v":[[-5.042,40.337],[5.042,-40.337]],"c":false},"ix":2},"nm":"Path 1","mn":"ADBE Vector Shape - Group","hd":false},{"ty":"st","c":{"a":0,"k":[1,1,1,1],"ix":3},"o":{"a":0,"k":100,"ix":4},"w":{"a":0,"k":20.169,"ix":5},"lc":2,"lj":1,"ml":10,"ml2":{"a":0,"k":10,"ix":8},"nm":"Stroke 1","mn":"ADBE Vector Graphic - Stroke","hd":false},{"ty":"tr","p":{"a":0,"k":[140.208,87.899],"ix":2},"a":{"a":0,"k":[0,0],"ix":1},"s":{"a":0,"k":[100,100],"ix":3},"r":{"a":0,"k":0,"ix":6},"o":{"a":0,"k":100,"ix":7},"sk":{"a":0,"k":0,"ix":4},"sa":{"a":0,"k":0,"ix":5},"nm":"Transform"}],"nm":"Group 5","np":2,"cix":2,"ix":5,"mn":"ADBE Vector Group","hd":false},{"ty":"gr","it":[{"ind":0,"ty":"sh","ix":1,"ks":{"a":0,"k":{"i":[[7.564,37.816],[-7.564,-37.816]],"o":[[7.564,37.816],[-7.564,-37.816]],"v":[[7.564,37.816],[-7.564,-37.816]],"c":false},"ix":2},"nm":"Path 1","mn":"ADBE Vector Shape - Group","hd":false},{"ty":"st","c":{"a":0,"k":[1,1,1,1],"ix":3},"o":{"a":0,"k":100,"ix":4},"w":{"a":0,"k":20.169,"ix":5},"lc":2,"lj":1,"ml":10,"ml2":{"a":0,"k":10,"ix":8},"nm":"Stroke 1","mn":"ADBE Vector Graphic - Stroke","hd":false},{"ty":"tr","p":{"a":0,"k":[314.789,90.42],"ix":2},"a":{"a":0,"k":[0,0],"ix":1},"s":{"a":0,"k":[100,100],"ix":3},"r":{"a":0,"k":0,"ix":6},"o":{"a":0,"k":100,"ix":7},"sk":{"a":0,"k":0,"ix":4},"sa":{"a":0,"k":0,"ix":5},"nm":"Transform"}],"nm":"Group 6","np":2,"cix":2,"ix":6,"mn":"ADBE Vector Group","hd":false},{"ty":"gr","it":[{"ind":0,"ty":"sh","ix":1,"ks":{"a":0,"k":{"i":[[-7.563,37.816],[7.563,-37.816]],"o":[[-7.563,37.816],[7.563,-37.816]],"v":[[-7.563,37.816],[7.563,-37.816]],"c":false},"ix":2},"nm":"Path 1","mn":"ADBE Vector Shape - Group","hd":false},{"ty":"st","c":{"a":0,"k":[1,1,1,1],"ix":3},"o":{"a":0,"k":100,"ix":4},"w":{"a":0,"k":20.169,"ix":5},"lc":2,"lj":1,"ml":10,"ml2":{"a":0,"k":10,"ix":8},"nm":"Stroke 1","mn":"ADBE Vector Graphic - Stroke","hd":false},{"ty":"tr","p":{"a":0,"k":[86.64,90.42],"ix":2},"a":{"a":0,"k":[0,0],"ix":1},"s":{"a":0,"k":[100,100],"ix":3},"r":{"a":0,"k":0,"ix":6},"o":{"a":0,"k":100,"ix":7},"sk":{"a":0,"k":0,"ix":4},"sa":{"a":0,"k":0,"ix":5},"nm":"Transform"}],"nm":"Group 7","np":2,"cix":2,"ix":7,"mn":"ADBE Vector Group","hd":false},{"ty":"gr","it":[{"ind":0,"ty":"sh","ix":1,"ks":{"a":0,"k":{"i":[[-150.458,-45.204],[-184.876,20.628],[-171.081,51.456],[-123.251,37.650999999999996],[-109.45500000000001,51.456],[-61.625,37.650999999999996],[-47.82899999999999,51.456],[0.001,37.650999999999996],[13.796000000000003,51.456],[61.635,37.650999999999996],[75.422,51.456],[123.262,37.650999999999996],[137.047,51.456],[184.876,37.650999999999996],[153.132,-36.007],[137.693,-51.456],[-128.868,-51.456]],"o":[[-155.682,-35.22],[-184.876,37.650999999999996],[-137.036,51.456],[-123.251,37.650999999999996],[-75.421,51.456],[-61.625,37.650999999999996],[-13.785,51.456],[0.001,37.650999999999996],[47.841,51.456],[61.635,37.650999999999996],[109.456,51.456],[123.262,37.650999999999996],[171.09199999999998,51.456],[184.876,20.628],[147.776,-45.547],[126.741,-51.456],[-140.132,-51.456]],"v":[[-155.682,-35.22],[-184.876,20.628],[-154.058,51.456],[-123.251,20.628],[-92.433,51.456],[-61.625,20.628],[-30.807,51.456],[0.001,20.628],[30.818,51.456],[61.635,20.628],[92.443,51.456],[123.262,20.628],[154.069,51.456],[184.876,20.628],[153.132,-36.007],[126.741,-51.456],[-128.868,-51.456]],"c":true},"ix":2},"nm":"Path 1","mn":"ADBE Vector Shape - Group","hd":false},{"ty":"st","c":{"a":0,"k":[1,1,1,1],"ix":3},"o":{"a":0,"k":100,"ix":4},"w":{"a":0,"k":20.169,"ix":5},"lc":2,"lj":2,"nm":"Stroke 1","mn":"ADBE Vector Graphic - Stroke","hd":false},{"ty":"tr","p":{"a":0,"k":[199.026,99.027],"ix":2},"a":{"a":0,"k":[0,0],"ix":1},"s":{"a":0,"k":[100,100],"ix":3},"r":{"a":0,"k":0,"ix":6},"o":{"a":0,"k":100,"ix":7},"sk":{"a":0,"k":0,"ix":4},"sa":{"a":0,"k":0,"ix":5},"nm":"Transform"}],"nm":"Group 8","np":2,"cix":2,"ix":8,"mn":"ADBE Vector Group","hd":false},{"ty":"gr","it":[{"ind":0,"ty":"sh","ix":1,"ks":{"a":0,"k":{"i":[[137.682,-152.895],[-128.868,-152.895],[-150.468,-146.642],[-184.877,-80.811],[-171.081,-49.983],[-154.069,118.98],[-138.882,152.895],[120.367,152.895],[150.621,139.341],[150.621,-50.326],[152.88899999999998,-49.983],[184.877,-63.78800000000001],[153.132,-137.445]],"o":[[126.741,-152.895],[-140.132,-152.895],[-155.682,-136.658],[-184.877,-63.78800000000001],[-154.069,-49.983],[-154.069,137.707],[-120.145,152.895],[137.077,152.895],[150.621,122.642],[151.77,-50.195],[171.082,-49.983],[184.877,-80.811],[147.77700000000002,-146.98399999999998]],"v":[[126.741,-152.895],[-128.868,-152.895],[-155.682,-136.658],[-184.877,-80.811],[-154.069,-49.983],[-154.069,118.98],[-120.145,152.895],[120.367,152.895],[150.621,122.642],[150.621,-50.326],[154.069,-49.983],[184.877,-80.811],[153.132,-137.445]],"c":true},"ix":2},"nm":"Path 1","mn":"ADBE Vector Shape - Group","hd":false},{"ty":"st","c":{"a":0,"k":[1,1,1,1],"ix":3},"o":{"a":0,"k":100,"ix":4},"w":{"a":0,"k":20.169,"ix":5},"lc":2,"lj":1,"ml":10,"ml2":{"a":0,"k":10,"ix":8},"nm":"Stroke 1","mn":"ADBE Vector Graphic - Stroke","hd":false},{"ty":"tr","p":{"a":0,"k":[199.029,200.461],"ix":2},"a":{"a":0,"k":[0,0],"ix":1},"s":{"a":0,"k":[100,100],"ix":3},"r":{"a":0,"k":0,"ix":6},"o":{"a":0,"k":100,"ix":7},"sk":{"a":0,"k":0,"ix":4},"sa":{"a":0,"k":0,"ix":5},"nm":"Transform"}],"nm":"Group 9","np":2,"cix":2,"ix":9,"mn":"ADBE Vector Group","hd":false}],"ip":483.000019672993,"op":1918.00007812174,"st":0,"bm":0,"completed":true},{"ddd":0,"ind":14,"ty":4,"nm":"1 Outlines","sr":1,"ks":{"o":{"a":0,"k":100,"ix":11},"r":{"a":0,"k":0,"ix":10},"p":{"a":1,"k":[{"i":{"x":0.833,"y":0.833},"o":{"x":0.167,"y":0.167},"n":"0p833_0p833_0p167_0p167","t":484,"s":[451,287,0],"e":[288,287,0],"to":[-27.1666660308838,0,0],"ti":[27.1666660308838,0,0]},{"i":{"x":0.833,"y":0.833},"o":{"x":0.167,"y":0.167},"n":"0p833_0p833_0p167_0p167","t":500,"s":[288,287,0],"e":[288,287,0],"to":[0,0,0],"ti":[0,0,0]},{"i":{"x":0.833,"y":0.833},"o":{"x":0.167,"y":0.167},"n":"0p833_0p833_0p167_0p167","t":521,"s":[288,287,0],"e":[156,287,0],"to":[-22,0,0],"ti":[22,0,0]},{"i":{"x":0.833,"y":0.833},"o":{"x":0.167,"y":0.167},"n":"0p833_0p833_0p167_0p167","t":538,"s":[156,287,0],"e":[156,287,0],"to":[0,0,0],"ti":[0,0,0]},{"i":{"x":0.833,"y":0.833},"o":{"x":0.167,"y":0.167},"n":"0p833_0p833_0p167_0p167","t":561,"s":[156,287,0],"e":[26,287,0],"to":[-21.6666660308838,0,0],"ti":[21.6666660308838,0,0]},{"i":{"x":0.833,"y":0.833},"o":{"x":0.167,"y":0.167},"n":"0p833_0p833_0p167_0p167","t":579,"s":[26,287,0],"e":[26,287,0],"to":[0,0,0],"ti":[0,0,0]},{"i":{"x":0.833,"y":0.833},"o":{"x":0.167,"y":0.167},"n":"0p833_0p833_0p167_0p167","t":665,"s":[26,287,0],"e":[-102,287,0],"to":[-21.3333339691162,0,0],"ti":[21.3333339691162,0,0]},{"i":{"x":0.833,"y":0.833},"o":{"x":0.167,"y":0.167},"n":"0p833_0p833_0p167_0p167","t":684,"s":[-102,287,0],"e":[-102,287,0],"to":[0,0,0],"ti":[0,0,0]},{"i":{"x":0.833,"y":0.833},"o":{"x":0.167,"y":0.167},"n":"0p833_0p833_0p167_0p167","t":767,"s":[-102,287,0],"e":[-232,287,0],"to":[-21.6666660308838,0,0],"ti":[21.6666660308838,0,0]},{"t":783.000031892244}],"ix":2},"a":{"a":0,"k":[200,200,0],"ix":1},"s":{"a":0,"k":[25,25,100],"ix":6}},"ao":0,"shapes":[{"ty":"gr","it":[{"ind":0,"ty":"sh","ix":1,"ks":{"a":0,"k":{"i":[[44.407,258.923],[346.938,258.923]],"o":[[44.407,258.923],[346.938,258.923]],"v":[[44.407,258.923],[346.938,258.923]],"c":false},"ix":2},"nm":"Path 1","mn":"ADBE Vector Shape - Group","hd":false},{"ty":"st","c":{"a":0,"k":[1,1,1,1],"ix":3},"o":{"a":0,"k":100,"ix":4},"w":{"a":0,"k":20.169,"ix":5},"lc":2,"lj":1,"ml":10,"ml2":{"a":0,"k":10,"ix":8},"nm":"Stroke 1","mn":"ADBE Vector Graphic - Stroke","hd":false},{"ty":"tr","p":{"a":0,"k":[0,0],"ix":2},"a":{"a":0,"k":[0,0],"ix":1},"s":{"a":0,"k":[100,100],"ix":3},"r":{"a":0,"k":0,"ix":6},"o":{"a":0,"k":100,"ix":7},"sk":{"a":0,"k":0,"ix":4},"sa":{"a":0,"k":0,"ix":5},"nm":"Transform"}],"nm":"Group 1","np":2,"cix":2,"ix":1,"mn":"ADBE Vector Group","hd":false},{"ty":"gr","it":[{"ind":0,"ty":"sh","ix":1,"ks":{"a":0,"k":{"i":[[-150.458,-45.203],[-184.876,20.629],[-171.081,51.456],[-123.251,37.650999999999996],[-109.45500000000001,51.456],[-61.625,37.650999999999996],[-47.82899999999999,51.456],[0.001,37.650999999999996],[13.796000000000003,51.456],[61.635,37.650999999999996],[75.422,51.456],[123.262,37.650999999999996],[137.047,51.456],[184.876,37.650999999999996],[153.132,-36.007],[137.693,-51.456],[-128.868,-51.456]],"o":[[-155.682,-35.22],[-184.876,37.650999999999996],[-137.036,51.456],[-123.251,37.650999999999996],[-75.421,51.456],[-61.625,37.650999999999996],[-13.785,51.456],[0.001,37.650999999999996],[47.841,51.456],[61.635,37.650999999999996],[109.456,51.456],[123.262,37.650999999999996],[171.09199999999998,51.456],[184.876,20.629],[147.776,-45.546],[126.741,-51.456],[-140.132,-51.456]],"v":[[-155.682,-35.22],[-184.876,20.629],[-154.058,51.456],[-123.251,20.629],[-92.433,51.456],[-61.625,20.629],[-30.807,51.456],[0.001,20.629],[30.818,51.456],[61.635,20.629],[92.443,51.456],[123.262,20.629],[154.069,51.456],[184.876,20.629],[153.132,-36.007],[126.741,-51.456],[-128.868,-51.456]],"c":true},"ix":2},"nm":"Path 1","mn":"ADBE Vector Shape - Group","hd":false},{"ty":"st","c":{"a":0,"k":[1,1,1,1],"ix":3},"o":{"a":0,"k":100,"ix":4},"w":{"a":0,"k":20.169,"ix":5},"lc":2,"lj":1,"ml":10,"ml2":{"a":0,"k":10,"ix":8},"nm":"Stroke 1","mn":"ADBE Vector Graphic - Stroke","hd":false},{"ty":"tr","p":{"a":0,"k":[199.026,98.616],"ix":2},"a":{"a":0,"k":[0,0],"ix":1},"s":{"a":0,"k":[100,100],"ix":3},"r":{"a":0,"k":0,"ix":6},"o":{"a":0,"k":100,"ix":7},"sk":{"a":0,"k":0,"ix":4},"sa":{"a":0,"k":0,"ix":5},"nm":"Transform"}],"nm":"Group 2","np":2,"cix":2,"ix":2,"mn":"ADBE Vector Group","hd":false},{"ty":"gr","it":[{"ind":0,"ty":"sh","ix":1,"ks":{"a":0,"k":{"i":[[137.682,-152.894],[-128.868,-152.894],[-150.468,-146.642],[-184.877,-80.811],[-171.081,-49.983],[-154.069,118.981],[-138.882,152.894],[120.367,152.894],[150.621,139.341],[150.621,-50.326],[152.88899999999998,-49.983],[184.877,-63.78900000000001],[153.132,-137.445]],"o":[[126.741,-152.894],[-140.132,-152.894],[-155.682,-136.658],[-184.877,-63.78900000000001],[-154.069,-49.983],[-154.069,137.708],[-120.145,152.894],[137.077,152.894],[150.621,122.641],[151.77,-50.195],[171.082,-49.983],[184.877,-80.811],[147.77700000000002,-146.98399999999998]],"v":[[126.741,-152.894],[-128.868,-152.894],[-155.682,-136.658],[-184.877,-80.811],[-154.069,-49.983],[-154.069,118.981],[-120.145,152.894],[120.367,152.894],[150.621,122.641],[150.621,-50.326],[154.069,-49.983],[184.877,-80.811],[153.132,-137.445]],"c":true},"ix":2},"nm":"Path 1","mn":"ADBE Vector Shape - Group","hd":false},{"ty":"st","c":{"a":0,"k":[1,1,1,1],"ix":3},"o":{"a":0,"k":100,"ix":4},"w":{"a":0,"k":20.169,"ix":5},"lc":2,"lj":1,"ml":10,"ml2":{"a":0,"k":10,"ix":8},"nm":"Stroke 1","mn":"ADBE Vector Graphic - Stroke","hd":false},{"ty":"tr","p":{"a":0,"k":[199.029,200.05],"ix":2},"a":{"a":0,"k":[0,0],"ix":1},"s":{"a":0,"k":[100,100],"ix":3},"r":{"a":0,"k":0,"ix":6},"o":{"a":0,"k":100,"ix":7},"sk":{"a":0,"k":0,"ix":4},"sa":{"a":0,"k":0,"ix":5},"nm":"Transform"}],"nm":"Group 3","np":2,"cix":2,"ix":3,"mn":"ADBE Vector Group","hd":false}],"ip":483.000019672993,"op":1918.00007812174,"st":0,"bm":0,"completed":true},{"ddd":0,"ind":15,"ty":4,"nm":"Shape Layer 23","sr":1,"ks":{"o":{"a":0,"k":100,"ix":11},"r":{"a":0,"k":0,"ix":10},"p":{"a":0,"k":[286,-250,0],"ix":2},"a":{"a":0,"k":[0,0,0],"ix":1},"s":{"a":0,"k":[100,100,100],"ix":6}},"ao":0,"shapes":[{"ty":"gr","it":[{"d":1,"ty":"el","s":{"a":0,"k":[256,256],"ix":2},"p":{"a":0,"k":[0,0],"ix":3},"nm":"Ellipse Path 1","mn":"ADBE Vector Shape - Ellipse","hd":false,"_render":true},{"ty":"st","c":{"a":0,"k":[1,1,1,1],"ix":3},"o":{"a":0,"k":100,"ix":4},"w":{"a":0,"k":0,"ix":5},"lc":1,"lj":1,"ml":4,"ml2":{"a":0,"k":4,"ix":8},"nm":"Stroke 1","mn":"ADBE Vector Graphic - Stroke","hd":false,"_render":true},{"ty":"fl","c":{"a":0,"k":[1,0.2353,0,1],"ix":4},"o":{"a":0,"k":100,"ix":5},"r":1,"nm":"Fill 1","mn":"ADBE Vector Graphic - Fill","hd":false,"_render":true},{"ty":"tr","p":{"a":0,"k":[-10,534.16],"ix":2},"a":{"a":0,"k":[0,0],"ix":1},"s":{"a":0,"k":[100,100],"ix":3},"r":{"a":0,"k":0,"ix":6},"o":{"a":0,"k":100,"ix":7},"sk":{"a":0,"k":0,"ix":4},"sa":{"a":0,"k":0,"ix":5},"nm":"Transform","_render":true}],"nm":"Ellipse 1","np":3,"cix":2,"ix":1,"mn":"ADBE Vector Group","hd":false,"_render":true}],"ip":451.000018369607,"op":1918.00007812174,"st":0,"bm":0,"completed":true},{"ddd":0,"ind":16,"ty":4,"nm":"Shape Layer 30","sr":1,"ks":{"o":{"a":1,"k":[{"i":{"x":[0.667],"y":[1]},"o":{"x":[0.333],"y":[0]},"n":["0p667_1_0p333_0"],"t":655,"s":[100],"e":[0]},{"t":685.000027900622}],"ix":11},"r":{"a":0,"k":0,"ix":10},"p":{"a":0,"k":[276,284.16,0],"ix":2},"a":{"a":0,"k":[0.676,-165.621,0],"ix":1},"s":{"a":1,"k":[{"i":{"x":[0,0,0.667],"y":[1,1,1]},"o":{"x":[0.333,0.333,0.333],"y":[0,0,0]},"n":["0_1_0p333_0","0_1_0p333_0","0p667_1_0p333_0"],"t":624,"s":[219,219,100],"e":[330,330,100]},{"t":685.000027900622}],"ix":6}},"ao":0,"shapes":[{"ty":"gr","it":[{"d":1,"ty":"el","s":{"a":0,"k":[112.82,112.82],"ix":2},"p":{"a":0,"k":[0,0],"ix":3},"nm":"Ellipse Path 1","mn":"ADBE Vector Shape - Ellipse","hd":false},{"ty":"st","c":{"a":0,"k":[0.91,0.91,0.91,1],"ix":3},"o":{"a":0,"k":100,"ix":4},"w":{"a":0,"k":9,"ix":5},"lc":2,"lj":1,"ml":4,"ml2":{"a":0,"k":4,"ix":8},"d":[{"n":"d","nm":"dash","v":{"a":0,"k":0,"ix":1}},{"n":"g","nm":"gap","v":{"a":0,"k":40,"ix":2}},{"n":"o","nm":"offset","v":{"a":0,"k":0,"ix":7}}],"nm":"Stroke 1","mn":"ADBE Vector Graphic - Stroke","hd":false},{"ty":"fl","c":{"a":0,"k":[1,0.2353,0,1],"ix":4},"o":{"a":0,"k":100,"ix":5},"r":1,"nm":"Fill 1","mn":"ADBE Vector Graphic - Fill","hd":true},{"ty":"tr","p":{"a":0,"k":[0.676,-165.621],"ix":2},"a":{"a":0,"k":[0,0],"ix":1},"s":{"a":0,"k":[100,100],"ix":3},"r":{"a":0,"k":0,"ix":6},"o":{"a":0,"k":100,"ix":7},"sk":{"a":0,"k":0,"ix":4},"sa":{"a":0,"k":0,"ix":5},"nm":"Transform"}],"nm":"Ellipse 1","np":3,"cix":2,"ix":1,"mn":"ADBE Vector Group","hd":false}],"ip":626.000025497503,"op":685.000027900622,"st":626.000025497503,"bm":0,"completed":true},{"ddd":0,"ind":17,"ty":4,"nm":"Shape Layer 29","sr":1,"ks":{"o":{"a":1,"k":[{"i":{"x":[0.667],"y":[1]},"o":{"x":[0.333],"y":[0]},"n":["0p667_1_0p333_0"],"t":597,"s":[100],"e":[0]},{"t":627.000025538234}],"ix":11},"r":{"a":0,"k":0,"ix":10},"p":{"a":0,"k":[276,284.16,0],"ix":2},"a":{"a":0,"k":[0.676,-165.621,0],"ix":1},"s":{"a":1,"k":[{"i":{"x":[0,0,0.667],"y":[1,1,1]},"o":{"x":[0.333,0.333,0.333],"y":[0,0,0]},"n":["0_1_0p333_0","0_1_0p333_0","0p667_1_0p333_0"],"t":566,"s":[219,219,100],"e":[330,330,100]},{"t":627.000025538234}],"ix":6}},"ao":0,"shapes":[{"ty":"gr","it":[{"d":1,"ty":"el","s":{"a":0,"k":[112.82,112.82],"ix":2},"p":{"a":0,"k":[0,0],"ix":3},"nm":"Ellipse Path 1","mn":"ADBE Vector Shape - Ellipse","hd":false},{"ty":"st","c":{"a":0,"k":[0.91,0.91,0.91,1],"ix":3},"o":{"a":0,"k":100,"ix":4},"w":{"a":0,"k":9,"ix":5},"lc":2,"lj":1,"ml":4,"ml2":{"a":0,"k":4,"ix":8},"d":[{"n":"d","nm":"dash","v":{"a":0,"k":0,"ix":1}},{"n":"g","nm":"gap","v":{"a":0,"k":40,"ix":2}},{"n":"o","nm":"offset","v":{"a":0,"k":0,"ix":7}}],"nm":"Stroke 1","mn":"ADBE Vector Graphic - Stroke","hd":false},{"ty":"fl","c":{"a":0,"k":[1,0.2353,0,1],"ix":4},"o":{"a":0,"k":100,"ix":5},"r":1,"nm":"Fill 1","mn":"ADBE Vector Graphic - Fill","hd":true},{"ty":"tr","p":{"a":0,"k":[0.676,-165.621],"ix":2},"a":{"a":0,"k":[0,0],"ix":1},"s":{"a":0,"k":[100,100],"ix":3},"r":{"a":0,"k":0,"ix":6},"o":{"a":0,"k":100,"ix":7},"sk":{"a":0,"k":0,"ix":4},"sa":{"a":0,"k":0,"ix":5},"nm":"Transform"}],"nm":"Ellipse 1","np":3,"cix":2,"ix":1,"mn":"ADBE Vector Group","hd":false}],"ip":568.000023135114,"op":597.000024316308,"st":568.000023135114,"bm":0,"completed":true},{"ddd":0,"ind":18,"ty":4,"nm":"Shape Layer 28","sr":1,"ks":{"o":{"a":1,"k":[{"i":{"x":[0.667],"y":[1]},"o":{"x":[0.333],"y":[0]},"n":["0p667_1_0p333_0"],"t":538,"s":[100],"e":[0]},{"t":568.000023135114}],"ix":11},"r":{"a":0,"k":0,"ix":10},"p":{"a":0,"k":[276,284.16,0],"ix":2},"a":{"a":0,"k":[0.676,-165.621,0],"ix":1},"s":{"a":1,"k":[{"i":{"x":[0,0,0.667],"y":[1,1,1]},"o":{"x":[0.333,0.333,0.333],"y":[0,0,0]},"n":["0_1_0p333_0","0_1_0p333_0","0p667_1_0p333_0"],"t":507,"s":[219,219,100],"e":[330,330,100]},{"t":568.000023135114}],"ix":6}},"ao":0,"shapes":[{"ty":"gr","it":[{"d":1,"ty":"el","s":{"a":0,"k":[112.82,112.82],"ix":2},"p":{"a":0,"k":[0,0],"ix":3},"nm":"Ellipse Path 1","mn":"ADBE Vector Shape - Ellipse","hd":false},{"ty":"st","c":{"a":0,"k":[0.91,0.91,0.91,1],"ix":3},"o":{"a":0,"k":100,"ix":4},"w":{"a":0,"k":9,"ix":5},"lc":2,"lj":1,"ml":4,"ml2":{"a":0,"k":4,"ix":8},"d":[{"n":"d","nm":"dash","v":{"a":0,"k":0,"ix":1}},{"n":"g","nm":"gap","v":{"a":0,"k":40,"ix":2}},{"n":"o","nm":"offset","v":{"a":0,"k":0,"ix":7}}],"nm":"Stroke 1","mn":"ADBE Vector Graphic - Stroke","hd":false},{"ty":"fl","c":{"a":0,"k":[1,0.2353,0,1],"ix":4},"o":{"a":0,"k":100,"ix":5},"r":1,"nm":"Fill 1","mn":"ADBE Vector Graphic - Fill","hd":true},{"ty":"tr","p":{"a":0,"k":[0.676,-165.621],"ix":2},"a":{"a":0,"k":[0,0],"ix":1},"s":{"a":0,"k":[100,100],"ix":3},"r":{"a":0,"k":0,"ix":6},"o":{"a":0,"k":100,"ix":7},"sk":{"a":0,"k":0,"ix":4},"sa":{"a":0,"k":0,"ix":5},"nm":"Transform"}],"nm":"Ellipse 1","np":3,"cix":2,"ix":1,"mn":"ADBE Vector Group","hd":false}],"ip":509.000020731995,"op":568.000023135114,"st":509.000020731995,"bm":0,"completed":true}],"markers":[],"__complete":true}